trip_distance(km),quantity(kWh),city,motor_way,country_roads,consumption(kWh/100km),A/C,park_heating,avg_speed(km/h),ecr_deviation,encoded_driving_style,encoded_tire_type
40.3,9.6,0,0,1,12.47,0,0,50,12.47,0,0
20.5,1.8,0,0,1,12.47,1,0,50,12.47,0,0
18.9,7.0,0,0,1,12.47,1,0,50,12.47,0,0
57.0,3.4,0,1,1,12.47,1,0,50,12.47,0,0
41.4,5.8,0,1,0,12.47,1,0,50,12.47,0,0
69.1,6.5,0,1,0,12.47,1,0,50,12.47,0,0
81.5,6.9,0,1,1,12.47,1,0,50,12.47,0,0
47.3,5.71,1,0,1,11.21,0,0,50,11.21,0,0
92.0,10.88,1,0,1,11.21,0,0,50,11.21,0,0
93.5,9.5,1,0,1,11.21,0,0,50,11.21,0,0
73.2,9.54,1,1,1,12.01,0,0,50,12.01,0,0
33.7,3.3,1,0,1,12.01,0,0,50,12.01,0,0
46.9,5.98,1,0,1,11.42,0,0,50,11.42,0,0
94.2,10.14,1,0,1,11.42,0,0,50,11.42,0,0
93.1,10.81,1,0,1,11.61,0,0,50,11.61,0,0
73.1,9.29,1,1,1,12.71,0,0,50,12.71,0,0
47.9,6.65,1,0,1,11.91,0,0,50,11.91,0,0
93.2,10.16,1,0,1,11.91,0,0,50,11.91,0,0
103.0,11.99,1,0,1,11.64,0,0,50,11.64,0,0
77.0,9.29,1,1,1,12.06,0,0,50,12.06,0,0
85.0,10.58,1,1,1,12.45,0,0,50,12.45,0,0
73.6,8.92,1,1,1,12.12,0,0,50,12.12,0,0
78.7,10.65,1,1,1,13.53,1,0,50,13.53,0,0
48.4,5.89,1,0,1,12.17,0,0,50,12.17,0,0
97.2,11.16,1,0,1,11.48,0,0,50,11.48,0,0
97.5,11.58,1,0,1,11.88,0,0,50,11.88,0,0
74.4,9.46,1,1,1,12.72,0,0,50,12.72,0,0
108.4,12.54,1,0,1,11.79,0,0,50,11.79,0,0
55.7,6.8,1,0,1,11.79,0,0,50,11.79,0,0
113.2,13.03,1,0,1,11.51,0,0,50,11.51,0,0
2.8,5.89,1,0,0,12.93,0,0,50,12.93,0,0
71.2,3.68,1,1,1,12.93,1,0,50,12.93,0,0
103.0,13.81,1,0,1,11.96,0,0,50,11.96,0,0
108.6,11.5,1,0,1,11.96,0,0,50,11.96,0,0
51.8,6.53,1,0,1,12.61,0,0,50,12.61,0,0
67.0,8.48,0,1,1,12.66,0,0,50,12.66,0,0
10.9,14.61,0,0,1,12.57,0,0,50,12.57,1,0
101.1,1.39,0,1,1,12.57,0,0,50,12.57,1,0
38.4,2.91,1,1,1,12.57,0,0,50,12.57,0,0
97.5,11.87,1,0,1,12.17,0,0,50,12.17,0,0
111.3,12.95,1,0,1,11.64,0,0,50,11.64,0,0
99.7,12.46,1,1,1,12.5,0,0,50,12.5,0,0
65.8,8.83,1,0,1,12.13,0,0,50,12.13,0,0
78.1,8.63,1,0,1,12.13,0,0,50,12.13,0,0
69.4,8.67,1,1,1,12.49,0,0,50,12.49,0,0
55.0,12.54,0,1,1,11.14,0,0,50,11.14,0,0
69.4,5.01,0,1,0,11.14,0,0,50,11.14,0,0
33.6,3.6,0,1,0,11.14,0,0,50,11.14,0,0
79.5,9.58,0,1,0,11.14,0,0,50,11.14,0,0
40.1,6.51,1,1,0,11.14,0,0,50,11.14,0,0
71.4,4.49,0,1,0,11.14,0,0,50,11.14,0,0
74.8,8.35,0,1,0,11.14,0,0,50,11.14,0,0
59.4,7.88,0,1,0,11.14,0,0,50,11.14,0,0
63.3,7.1,0,1,0,11.14,0,0,50,11.14,0,0
41.9,5.01,0,1,0,11.14,0,0,50,11.14,0,0
61.5,6.14,0,1,0,11.14,0,0,50,11.14,0,0
100.6,7.39,1,1,0,11.14,0,0,50,11.14,0,0
82.4,10.39,1,0,1,12.61,0,0,50,12.61,0,0
13.8,6.49,1,0,0,12.3,0,0,50,12.3,0,0
28.3,5.21,1,1,1,12.3,0,0,50,12.3,0,0
59.2,6.71,0,1,0,12.3,0,0,50,12.3,0,0
61.5,8.06,0,1,0,12.3,0,0,50,12.3,0,0
42.3,6.02,0,1,0,12.3,0,0,50,12.3,0,0
63.0,5.75,0,1,0,12.3,1,0,50,12.3,0,0
59.0,8.13,0,1,0,12.3,0,0,50,12.3,0,0
75.1,7.06,0,1,0,12.3,1,0,50,12.3,0,0
72.0,7.73,0,1,0,12.3,0,0,50,12.3,0,0
37.1,7.29,1,1,0,12.3,0,0,50,12.3,0,0
39.7,4.73,1,1,0,12.3,0,0,50,12.3,0,0
65.4,6.62,0,1,0,12.3,0,0,50,12.3,0,0
92.6,8.81,0,0,1,12.3,0,0,50,12.3,0,0
54.8,5.37,0,1,1,12.3,0,0,50,12.3,0,0
66.3,7.71,1,1,1,11.63,0,0,50,11.63,0,0
94.3,11.5,1,0,1,12.2,0,0,50,12.2,0,0
91.1,11.66,1,1,1,12.8,0,0,50,12.8,0,0
57.7,7.37,1,0,1,11.94,0,0,50,11.94,0,0
95.3,10.9,1,0,1,11.94,0,0,50,11.94,0,0
46.7,8.48,1,0,1,12.64,0,0,50,12.64,0,0
64.3,9.53,0,1,1,12.64,0,0,50,12.64,0,0
65.3,4.27,0,1,1,12.64,0,0,50,12.64,0,0
65.6,11.74,0,1,1,12.67,0,0,50,12.67,0,0
64.9,4.8,0,1,1,12.67,0,0,50,12.67,0,0
72.3,8.95,1,1,1,12.38,0,0,50,12.38,0,0
112.1,13.91,1,0,1,12.41,0,0,50,12.41,0,0
98.0,12.08,1,0,1,12.33,0,0,50,12.33,0,0
46.1,5.59,1,0,1,12.13,0,0,50,12.13,0,0
76.8,9.73,1,1,1,12.67,0,0,50,12.67,0,0
46.9,6.03,1,0,1,12.86,0,0,50,12.86,0,0
50.3,9.89,1,0,1,12.42,0,0,50,12.42,0,0
61.5,8.0,1,1,1,12.42,0,0,50,12.42,0,0
47.0,1.84,1,0,1,12.42,0,0,50,12.42,0,0
50.3,6.4,1,0,1,12.72,0,0,50,12.72,0,0
107.0,13.16,1,1,1,12.3,0,0,50,12.3,0,0
46.9,5.94,1,0,1,12.67,0,0,50,12.67,0,0
68.0,9.49,1,1,1,13.96,0,0,50,13.96,0,0
82.8,10.01,1,1,1,12.09,0,0,50,12.09,0,0
62.7,7.51,0,1,1,11.98,0,0,50,11.98,0,0
36.6,9.46,0,1,1,13.64,0,0,50,13.64,0,0
58.1,6.24,1,1,0,13.64,0,0,50,13.64,0,0
27.8,8.2,0,1,1,13.64,0,0,50,13.64,0,0
90.9,5.2,0,0,1,13.64,0,0,50,13.64,2,0
9.5,2.91,0,0,1,14.4,0,0,50,14.4,2,0
15.0,5.17,1,0,1,14.4,0,0,50,14.4,0,0
32.0,5.33,1,1,0,14.4,0,0,50,14.4,0,0
94.3,8.3,0,1,1,14.4,0,0,50,14.4,0,0
46.1,13.07,1,1,1,13.39,0,0,50,13.39,0,1
54.7,3.41,0,1,1,13.39,0,0,50,13.39,0,1
53.5,7.4,0,0,1,13.39,0,0,50,13.39,0,1
53.6,6.84,0,0,1,13.39,0,0,50,13.39,0,1
54.6,4.43,0,1,1,13.39,0,0,50,13.39,0,1
49.5,6.56,1,0,1,13.25,0,0,50,13.25,0,1
47.6,6.31,1,0,1,13.26,0,0,50,13.26,0,1
48.7,6.39,1,0,1,13.12,0,0,50,13.12,0,1
48.2,6.24,1,0,1,12.95,0,0,50,12.95,0,1
67.9,8.54,1,1,1,12.58,0,0,50,12.58,0,1
49.2,6.56,1,0,1,13.33,0,0,50,13.33,0,1
46.1,6.08,1,0,1,13.19,0,0,50,13.19,0,1
45.9,6.15,1,0,1,13.4,0,0,50,13.4,0,1
51.3,6.96,1,0,1,13.57,0,0,50,13.57,0,1
47.2,6.17,1,0,1,13.07,0,0,50,13.07,0,1
65.5,9.01,1,1,1,13.76,0,0,50,13.76,0,1
48.1,6.51,1,0,1,13.53,0,0,50,13.53,0,1
46.1,6.1,1,0,1,13.23,0,0,50,13.23,0,1
45.9,6.27,1,0,1,13.66,0,0,50,13.66,0,1
50.3,6.43,1,0,1,12.78,0,0,50,12.78,0,1
64.3,13.48,0,1,1,15.92,0,0,50,15.92,2,1
65.0,7.1,0,0,1,15.92,0,0,50,15.92,2,1
65.3,12.97,0,1,1,16.03,0,0,50,16.03,0,1
64.6,7.85,0,1,1,16.03,0,0,50,16.03,2,1
72.5,10.23,1,1,1,14.11,0,0,50,14.11,0,1
49.8,6.77,1,0,1,13.59,0,0,50,13.59,0,1
46.5,7.13,1,0,1,13.29,0,0,50,13.29,0,1
63.1,7.44,1,0,1,13.29,0,0,50,13.29,0,1
62.1,8.53,1,0,1,13.74,0,0,50,13.74,0,1
66.8,9.37,1,1,1,14.03,0,0,50,14.03,0,1
49.3,6.49,1,0,1,13.16,0,0,50,13.16,0,1
48.6,6.28,1,0,1,12.92,0,0,50,12.92,0,1
47.2,6.06,1,0,1,12.84,0,0,50,12.84,0,1
47.5,6.23,1,0,1,13.12,0,0,50,13.12,0,1
50.7,6.76,1,0,1,13.33,0,0,50,13.33,0,1
68.5,9.35,1,1,1,13.65,0,0,50,13.65,0,1
89.1,11.16,1,0,1,12.53,0,0,50,12.53,0,1
55.4,7.11,1,0,1,12.83,0,0,50,12.83,0,1
47.5,6.29,1,0,1,13.24,0,0,50,13.24,0,1
47.1,6.08,1,0,1,12.91,0,0,50,12.91,0,1
59.9,7.67,1,0,1,12.8,0,0,50,12.8,0,1
62.3,8.27,1,1,1,13.27,0,0,50,13.27,0,1
37.3,5.1,1,0,1,13.67,0,0,50,13.67,0,1
47.4,6.2,1,0,1,13.08,0,0,50,13.08,0,1
50.4,6.58,1,0,1,13.06,0,0,50,13.06,0,1
45.9,6.28,1,0,1,13.68,0,0,50,13.68,0,1
47.4,6.27,1,0,1,13.23,0,0,50,13.23,0,1
48.9,6.59,1,0,1,13.48,0,0,50,13.48,0,1
101.4,13.76,1,1,1,13.57,0,0,50,13.57,0,1
67.3,9.4,1,0,1,13.97,0,0,50,13.97,0,1
64.8,8.65,1,0,1,13.35,0,0,50,13.35,0,1
49.6,7.52,1,0,1,15.16,0,1,50,15.16,0,1
50.9,6.95,1,0,1,13.65,0,0,50,13.65,0,1
46.8,6.24,1,0,1,13.33,0,0,50,13.33,0,1
86.8,12.15,1,1,1,14.0,0,0,50,14.0,0,1
49.4,6.71,1,0,1,13.58,0,0,50,13.58,0,1
48.0,6.49,1,0,1,13.52,0,0,50,13.52,0,1
48.1,6.72,1,0,1,13.97,0,0,50,13.97,0,1
46.9,6.7,1,0,1,14.29,0,0,50,14.29,0,1
45.9,6.53,1,0,1,14.23,0,0,50,14.23,0,1
62.9,9.02,1,1,1,14.34,0,0,50,14.34,0,1
48.7,6.52,1,0,1,13.39,0,0,50,13.39,0,1
47.8,6.4,1,0,1,13.39,0,0,50,13.39,0,1
45.8,6.12,1,0,1,13.36,0,0,50,13.36,0,1
46.8,6.11,1,0,1,13.06,0,0,50,13.06,0,1
48.1,6.55,1,0,1,13.62,0,0,50,13.62,0,1
82.9,12.74,0,1,1,15.37,0,0,50,15.37,0,1
82.5,13.92,0,1,1,16.87,0,0,50,16.87,0,1
82.9,12.19,0,1,1,14.7,0,0,50,14.7,0,1
82.6,12.07,0,1,1,14.61,0,0,50,14.61,0,1
3.9,4.52,1,0,1,13.76,0,0,50,13.76,0,1
68.0,5.37,1,1,1,13.76,0,0,50,13.76,0,1
63.6,9.1,1,0,1,14.31,0,0,50,14.31,0,1
46.2,6.64,1,0,1,14.37,0,0,50,14.37,0,1
45.8,6.57,1,0,1,14.34,0,0,50,14.34,0,1
46.5,6.97,1,0,1,14.99,0,0,50,14.99,0,1
47.7,6.47,1,0,1,13.56,0,0,50,13.56,0,1
65.0,9.23,1,1,1,14.2,0,0,50,14.2,0,1
49.0,6.98,1,0,1,14.24,0,0,50,14.24,0,1
46.8,6.81,1,0,1,14.55,0,0,50,14.55,0,1
50.1,6.67,1,0,1,13.31,0,0,50,13.31,0,1
46.5,6.7,1,0,1,14.41,0,0,50,14.41,0,1
45.9,6.32,1,0,1,13.77,0,0,50,13.77,0,1
62.4,9.05,1,1,1,14.5,0,0,50,14.5,0,1
77.3,10.29,1,0,1,13.31,0,0,50,13.31,0,1
47.8,6.61,1,0,1,13.83,0,0,50,13.83,0,1
46.9,6.42,1,0,1,13.69,0,0,50,13.69,0,1
57.1,7.88,1,0,1,13.8,0,0,50,13.8,0,1
47.2,6.62,1,0,1,14.03,0,0,50,14.03,0,1
47.2,6.56,1,0,1,13.9,0,0,50,13.9,0,1
65.7,9.51,1,1,1,14.47,0,0,50,14.47,0,1
50.3,7.16,1,0,1,14.23,0,0,50,14.23,0,1
47.0,7.1,1,0,1,15.11,0,0,50,15.11,0,1
47.2,6.6,1,0,1,13.98,0,0,50,13.98,0,1
47.2,6.33,1,0,1,13.41,0,0,50,13.41,0,1
46.8,6.26,1,0,1,13.38,0,0,50,13.38,0,1
66.1,10.38,1,1,1,15.7,0,1,50,15.7,0,1
47.8,6.89,1,0,1,14.41,0,0,50,14.41,0,1
48.1,6.74,1,0,1,14.01,0,0,50,14.01,0,1
47.0,6.93,1,0,1,14.74,0,0,50,14.74,0,1
47.8,6.69,1,0,1,14.0,0,0,50,14.0,0,1
48.5,6.61,1,0,1,13.63,0,0,50,13.63,0,1
64.5,9.02,1,1,1,13.98,0,0,50,13.98,0,1
48.7,6.47,1,0,1,13.29,0,0,50,13.29,0,1
57.1,7.92,1,0,1,13.87,0,0,50,13.87,0,1
50.8,7.25,1,0,1,14.27,0,0,50,14.27,0,1
54.1,7.59,1,0,1,14.03,0,0,50,14.03,0,1
49.7,6.82,1,0,1,13.72,0,0,50,13.72,0,1
92.9,13.93,0,1,1,13.64,0,0,50,13.64,0,1
88.4,11.2,0,1,1,13.64,0,0,50,13.64,0,1
61.6,8.01,1,1,1,13.64,0,0,50,13.64,0,1
48.2,6.68,1,1,1,13.86,0,0,50,13.86,0,1
77.5,14.25,0,1,1,14.4,0,0,50,14.4,0,1
100.2,9.71,1,0,1,14.4,0,0,50,14.4,1,1
67.1,13.55,0,1,1,14.4,0,0,50,14.4,0,1
65.0,7.1,0,1,1,14.4,0,0,50,14.4,2,1
65.4,13.0,0,1,1,15.54,0,0,50,15.54,0,1
64.6,7.2,0,1,1,15.54,0,0,50,15.54,2,1
47.5,6.57,1,0,1,13.83,0,0,50,13.83,0,1
50.5,6.91,1,0,1,13.68,0,0,50,13.68,0,1
51.1,7.1,1,0,1,13.89,0,0,50,13.89,0,1
46.0,6.68,1,0,1,14.52,0,0,50,14.52,0,1
64.4,8.38,1,0,1,13.01,0,0,50,13.01,0,1
32.5,4.86,1,0,1,14.95,0,0,50,14.95,0,1
62.8,11.14,1,1,1,17.74,0,1,50,17.74,0,1
64.0,12.12,1,0,1,18.94,0,1,50,18.94,0,1
47.2,6.96,1,0,1,14.75,0,0,50,14.75,0,1
46.8,7.06,1,0,1,15.09,0,1,50,15.09,0,1
46.8,6.95,1,0,1,14.85,0,0,50,14.85,0,1
46.7,6.85,1,0,1,14.67,0,0,50,14.67,0,1
62.5,9.43,1,1,1,15.09,0,0,50,15.09,0,1
48.0,6.92,1,0,1,14.42,0,0,50,14.42,0,1
47.2,6.91,1,0,1,14.64,0,0,50,14.64,0,1
47.4,6.46,1,0,1,13.63,0,0,50,13.63,0,1
48.2,6.78,1,0,1,14.07,0,0,50,14.07,0,1
47.9,6.99,1,0,1,14.59,0,0,50,14.59,0,1
68.6,9.96,1,1,1,14.52,0,0,50,14.52,0,1
48.2,7.04,1,0,1,14.61,0,0,50,14.61,0,0
95.3,11.85,1,0,1,12.43,0,0,50,12.43,0,0
47.5,6.33,1,0,1,13.33,0,0,50,13.33,0,0
46.7,6.13,1,0,1,13.13,0,0,50,13.13,0,0
76.9,11.23,1,1,1,14.6,0,0,50,14.6,0,0
49.0,6.36,1,0,1,12.98,0,0,50,12.98,0,0
46.8,6.75,1,0,1,14.42,0,1,50,14.42,0,0
94.5,12.16,1,0,1,12.87,0,0,50,12.87,0,0
63.4,9.14,0,1,1,14.42,0,0,50,14.42,0,0
76.9,11.23,1,1,1,14.6,0,0,50,14.6,2,0
65.7,9.13,1,0,1,13.9,0,0,50,13.9,0,0
52.8,6.83,1,0,1,12.94,0,0,50,12.94,0,0
55.1,7.36,1,0,1,13.36,0,0,50,13.36,0,0
101.5,12.66,1,0,1,12.47,0,0,50,12.47,0,0
62.5,7.64,1,1,1,12.22,0,0,50,12.22,0,0
65.7,14.58,0,1,1,13.58,0,0,50,13.58,0,0
54.1,5.98,0,0,1,13.58,0,0,50,13.58,0,0
76.9,6.15,0,1,1,13.58,0,0,50,13.58,0,0
122.0,14.3,0,0,1,11.72,0,0,50,11.72,0,0
1.6,3.06,0,0,1,18.5,0,1,50,18.5,0,0
35.6,9.1,0,1,0,18.5,0,1,50,18.5,0,0
41.2,6.36,0,1,1,18.5,0,1,50,18.5,0,0
54.1,8.42,1,0,1,18.5,0,1,50,18.5,0,0
63.8,9.37,0,1,1,18.5,0,1,50,18.5,2,0
96.8,12.15,1,0,1,12.55,0,0,50,12.55,0,0
95.1,11.79,1,0,1,12.4,0,0,50,12.4,0,0
62.6,7.86,0,1,1,12.56,0,0,50,12.56,0,0
39.2,8.48,0,1,0,13.85,0,0,50,13.85,0,0
80.1,9.27,0,0,1,13.85,0,0,50,13.85,0,0
63.7,7.6,0,1,1,13.85,0,0,50,13.85,2,0
49.9,6.4,1,0,1,12.83,0,0,50,12.83,0,0
94.4,11.92,1,0,1,12.63,0,0,50,12.63,0,0
95.1,11.38,1,0,1,11.97,0,0,50,11.97,0,0
62.5,7.48,0,1,1,11.97,0,0,50,11.97,0,0
83.6,11.47,1,1,0,13.72,0,0,50,13.72,2,0
3.7,7.48,1,0,0,14.42,0,0,50,14.42,0,0
82.7,4.98,1,1,0,14.42,0,0,50,14.42,2,0
48.2,5.76,1,0,1,11.95,0,0,50,11.95,0,0
96.6,11.26,1,0,1,11.66,0,0,50,11.66,0,0
95.2,11.34,1,0,1,11.91,0,0,50,11.91,0,0
100.8,12.3,1,1,1,12.2,0,0,50,12.2,0,0
49.0,6.03,1,0,1,12.31,0,0,50,12.31,0,0
96.3,12.08,1,0,1,12.54,0,0,50,12.54,0,0
99.8,11.65,1,0,1,11.67,0,0,50,11.67,0,0
65.2,13.57,0,1,1,15.94,1,0,50,15.94,0,0
65.1,7.2,0,1,1,15.94,1,0,50,15.94,2,0
65.7,13.09,0,1,1,15.65,0,0,50,15.65,2,0
74.7,8.88,1,1,1,15.65,0,0,50,15.65,2,0
69.3,8.93,1,1,1,12.89,0,0,50,12.89,0,0
64.2,8.32,1,0,1,12.96,0,0,50,12.96,0,0
65.2,8.62,1,0,1,13.22,0,0,50,13.22,0,0
95.4,11.98,1,0,1,12.56,0,0,50,12.56,0,0
91.0,11.61,0,1,1,12.76,0,0,50,12.76,0,0
41.0,12.77,1,0,1,12.41,0,0,50,12.41,2,0
58.0,5.01,1,0,1,12.41,0,0,50,12.41,2,0
58.0,7.02,1,0,1,12.41,0,0,50,12.41,2,0
59.0,6.72,1,0,1,12.41,0,0,50,12.41,2,0
58.0,6.94,1,0,1,12.41,1,0,50,12.41,2,0
58.0,7.33,1,0,1,12.41,1,0,50,12.41,2,0
73.0,8.7,1,0,1,12.41,1,0,50,12.41,2,0
97.0,8.58,1,0,1,12.41,1,0,50,12.41,2,0
78.0,11.19,1,0,1,12.41,1,1,50,12.41,2,0
58.0,9.12,1,0,1,12.41,1,0,50,12.41,2,0
77.0,8.48,1,0,1,12.41,1,0,50,12.41,2,0
78.0,9.74,1,0,1,12.41,1,0,50,12.41,2,0
78.0,9.17,1,0,1,12.41,0,1,50,12.41,2,0
97.0,9.34,1,0,1,12.41,0,0,50,12.41,2,0
42.3,5.81,1,0,1,13.74,0,0,50,13.74,2,0
77.6,10.81,1,0,1,13.93,0,0,50,13.93,2,0
25.4,5.56,1,0,1,10.46,0,0,50,10.46,0,0
67.3,4.14,0,1,1,10.46,0,0,50,10.46,0,0
64.8,13.9,0,1,0,14.05,0,0,50,14.05,0,0
56.9,7.75,1,0,1,14.05,0,0,50,14.05,0,0
48.0,7.15,1,0,1,14.05,0,0,50,14.05,0,0
42.3,6.68,0,1,0,14.05,0,0,50,14.05,0,0
47.7,5.69,0,1,0,14.05,0,0,50,14.05,0,0
51.6,7.71,0,1,0,14.05,0,0,50,14.05,0,0
39.8,5.35,0,1,0,14.05,0,0,50,14.05,0,0
51.4,7.74,0,1,0,14.05,0,0,50,14.05,0,0
49.5,6.19,0,1,0,14.05,0,0,50,14.05,0,0
90.7,8.1,1,1,1,14.05,1,1,50,14.05,0,0
55.9,11.84,1,1,1,13.21,0,0,50,13.21,0,0
65.5,7.58,1,1,1,13.21,0,0,50,13.21,0,0
60.0,7.9,0,1,0,13.21,0,0,50,13.21,0,0
59.4,6.21,0,1,0,13.21,0,0,50,13.21,0,0
36.6,5.9,0,1,0,13.21,0,0,50,13.21,0,0
46.7,7.05,0,1,0,13.21,0,0,50,13.21,0,0
41.8,5.35,0,1,0,13.21,0,0,50,13.21,0,0
43.7,5.21,0,0,1,13.21,0,0,50,13.21,0,0
54.1,6.72,1,0,1,13.21,0,0,50,13.21,0,0
63.7,5.91,0,1,1,13.21,1,1,50,13.21,0,0
66.3,8.49,1,1,1,12.81,0,0,50,12.81,0,0
57.6,7.33,1,0,1,12.73,0,0,50,12.73,0,0
106.7,13.44,1,0,1,12.6,1,0,50,12.6,0,0
62.8,7.86,1,1,1,12.52,0,0,50,12.52,0,0
64.9,13.06,0,1,1,12.82,0,0,50,12.82,0,0
93.4,9.61,1,1,1,12.82,0,0,50,12.82,0,0
11.2,2.5,0,1,0,12.82,0,0,50,12.82,2,0
75.2,6.21,0,1,1,12.82,0,0,50,12.82,2,0
50.0,6.19,1,0,1,12.38,0,0,50,12.38,0,0
96.2,11.64,1,0,1,12.1,0,0,50,12.1,0,0
97.9,11.92,1,0,1,12.18,0,0,50,12.18,0,0
55.0,11.61,0,1,1,14.33,1,0,50,14.33,0,0
41.9,6.06,0,1,0,14.33,1,0,50,14.33,0,0
72.7,9.0,0,1,0,14.33,1,0,50,14.33,0,0
27.1,4.26,0,1,0,14.33,1,0,50,14.33,2,0
76.9,9.98,0,1,0,14.33,1,0,50,14.33,0,0
35.6,6.77,0,1,0,14.33,1,0,50,14.33,2,0
90.6,9.63,1,1,1,14.33,0,0,50,14.33,0,0
50.0,7.82,1,1,1,14.53,0,0,50,14.53,0,0
43.0,5.69,1,1,1,14.53,0,0,50,14.53,0,0
68.5,8.96,1,0,1,13.08,0,0,50,13.08,0,0
51.0,10.4,1,1,1,13.21,0,0,50,13.21,0,0
35.5,5.41,0,1,0,13.21,0,0,50,13.21,0,0
74.6,7.33,0,1,0,13.21,0,0,50,13.21,0,0
27.4,8.93,0,1,0,13.21,0,0,50,13.21,0,0
77.0,5.21,0,1,0,13.21,0,0,50,13.21,0,0
42.7,5.13,0,1,0,13.21,0,0,50,13.21,0,0
54.7,5.53,0,1,1,13.21,0,0,50,13.21,2,0
65.7,7.98,1,1,1,12.15,0,0,50,12.15,0,0
47.6,5.96,1,0,1,12.52,0,0,50,12.52,0,0
95.5,11.16,1,0,1,11.69,0,0,50,11.69,0,0
119.3,14.33,1,1,1,12.01,0,0,50,12.01,0,0
28.1,4.48,1,1,1,12.04,0,0,50,12.04,0,0
47.3,4.6,1,0,1,12.04,0,0,50,12.04,0,0
96.0,10.97,1,0,1,11.43,0,0,50,11.43,0,0
93.7,10.52,1,0,1,11.23,0,0,50,11.23,0,0
65.9,8.0,1,1,1,12.14,0,0,50,12.14,0,0
56.3,6.34,1,0,1,11.26,0,0,50,11.26,0,0
95.4,10.74,1,0,1,11.26,0,0,50,11.26,0,0
93.3,10.43,1,0,1,11.18,0,0,50,11.18,0,0
32.0,8.74,1,1,1,12.45,0,0,50,12.45,0,0
98.0,7.44,1,1,1,12.45,0,0,50,12.45,0,0
47.8,8.76,1,0,1,11.14,0,0,50,11.14,0,0
101.3,7.85,1,0,1,11.14,0,0,50,11.14,0,0
94.4,10.39,1,0,1,11.01,0,0,50,11.01,0,0
62.6,7.46,1,1,1,11.92,0,0,50,11.92,0,0
93.8,11.4,1,1,1,12.15,0,0,50,12.15,0,0
47.9,5.46,1,0,1,11.4,0,0,50,11.4,0,0
128.9,14.32,1,0,1,11.11,0,0,50,11.11,0,0
93.0,10.58,1,0,1,11.38,0,0,50,11.38,0,0
62.7,7.44,0,1,1,11.87,1,0,50,11.87,0,0
64.5,12.63,0,1,1,14.14,0,0,50,14.14,2,0
65.1,5.69,0,1,1,14.14,0,0,50,14.14,2,0
65.4,12.15,0,1,1,14.34,1,0,50,14.34,2,0
64.7,6.51,0,1,1,14.34,1,0,50,14.34,2,0
48.7,5.5,1,0,1,11.29,0,0,50,11.29,0,0
96.2,10.81,1,0,1,11.24,0,0,50,11.24,0,0
95.4,11.09,1,0,1,11.62,0,0,50,11.62,0,0
62.7,7.46,1,1,1,11.9,0,0,50,11.9,0,0
49.6,5.71,1,0,1,11.51,0,0,50,11.51,0,0
95.4,11.32,1,0,1,11.87,0,0,50,11.87,0,0
94.8,10.59,1,0,1,11.17,0,0,50,11.17,0,0
95.1,11.12,1,1,1,11.69,0,0,50,11.69,0,0
77.2,10.4,1,1,1,11.85,0,0,50,11.85,0,0
20.7,1.2,1,1,1,11.85,0,0,50,11.85,0,0
95.5,11.6,1,1,1,12.15,1,0,50,12.15,0,0
63.3,7.49,1,1,1,11.83,1,0,50,11.83,0,0
49.2,5.99,1,0,1,12.17,0,0,50,12.17,0,0
100.0,11.79,1,0,1,11.79,0,0,50,11.79,0,0
96.0,11.34,1,0,1,11.81,1,0,50,11.81,0,0
80.7,9.84,1,1,1,12.19,1,0,50,12.19,0,0
49.4,12.81,1,0,1,11.7,0,0,50,11.7,0,0
114.3,6.35,1,0,1,11.7,0,0,50,11.7,0,0
103.6,11.75,1,0,1,11.34,0,0,50,11.34,0,0
79.0,10.16,1,1,1,12.86,0,0,50,12.86,0,0
64.6,7.82,1,1,1,12.11,0,0,50,12.11,0,0
49.8,6.46,1,0,1,11.99,0,0,50,11.99,0,0
109.8,12.67,1,0,1,11.99,0,0,50,11.99,0,0
107.0,12.21,1,0,1,11.41,0,0,50,11.41,0,0
73.7,8.67,1,1,1,11.76,0,0,50,11.76,0,0
67.8,7.95,1,1,1,11.73,0,0,50,11.73,0,0
50.4,6.12,1,0,1,12.14,0,0,50,12.14,0,0
97.3,10.95,1,0,1,11.25,0,0,50,11.25,0,0
121.6,13.78,1,0,1,11.33,0,0,50,11.33,0,0
73.7,9.32,0,1,1,12.65,0,0,50,12.65,0,0
75.8,9.37,1,1,1,12.36,1,0,50,12.36,0,0
95.6,11.08,1,0,1,11.59,0,0,50,11.59,0,0
97.8,11.43,1,0,1,11.69,0,0,50,11.69,0,0
40.0,13.48,0,1,1,11.8,1,0,50,11.8,0,0
59.9,4.69,0,1,0,11.8,1,0,50,11.8,0,0
68.5,5.88,0,1,0,11.8,1,0,50,11.8,0,0
45.7,7.32,0,1,0,11.8,1,0,50,11.8,0,0
38.5,4.06,0,1,0,11.8,1,0,50,11.8,0,0
57.2,5.77,0,1,0,11.8,1,0,50,11.8,0,0
61.1,6.47,0,1,0,11.8,1,0,50,11.8,0,0
53.4,6.33,1,1,1,11.8,1,0,50,11.8,0,0
117.0,7.88,0,1,1,11.8,0,0,50,11.8,0,0
35.3,7.03,0,0,1,11.8,0,0,50,11.8,0,0
72.1,7.61,1,1,1,11.8,0,0,50,11.8,0,0
32.9,10.7,1,1,1,12.09,1,0,50,12.09,0,0
78.5,7.19,0,1,0,12.09,1,0,50,12.09,0,0
36.7,8.01,0,1,0,12.09,1,0,50,12.09,0,0
65.1,4.51,0,1,0,12.09,1,0,50,12.09,0,0
47.6,5.71,0,1,0,12.09,1,0,50,12.09,0,0
49.6,6.53,0,1,0,12.09,1,0,50,12.09,0,0
23.7,3.31,1,1,0,12.09,1,0,50,12.09,0,0
99.6,6.49,0,1,1,12.09,1,0,50,12.09,0,0
0.1,4.87,1,1,1,12.85,0,0,50,12.85,0,0
70.5,4.2,1,1,1,12.85,0,0,50,12.85,0,0
92.1,10.94,1,0,1,11.88,0,0,50,11.88,0,0
75.6,9.18,0,1,1,12.14,0,0,50,12.14,0,0
95.5,11.22,1,0,1,11.75,0,0,50,11.75,0,0
96.1,11.24,1,0,1,11.7,0,0,50,11.7,0,0
0.1,4.02,1,0,0,14.37,0,0,50,14.37,0,0
64.0,9.15,0,1,1,14.37,0,0,50,14.37,2,0
65.1,5.4,0,1,1,14.37,0,0,50,14.37,2,0
65.4,12.95,0,1,1,15.56,0,0,50,15.56,2,0
64.7,7.3,0,1,1,15.56,0,0,50,15.56,2,0
70.3,8.56,1,1,1,12.18,0,0,50,12.18,0,0
101.8,11.7,1,0,1,11.49,0,0,50,11.49,0,0
93.6,11.11,1,0,1,11.87,0,0,50,11.87,0,0
80.2,9.88,1,1,1,12.32,0,0,50,12.32,0,0
40.1,11.14,0,1,1,13.36,0,0,50,13.36,2,0
38.3,4.9,0,1,0,13.36,0,0,50,13.36,2,0
32.7,4.98,0,1,1,13.36,0,0,50,13.36,2,0
106.4,8.04,0,1,1,13.36,0,0,50,13.36,2,0
80.5,9.72,1,1,1,12.07,0,0,50,12.07,0,0
62.8,7.36,1,1,1,11.72,0,0,50,11.72,0,0
46.4,5.64,1,0,1,12.16,0,0,50,12.16,0,0
93.0,10.69,1,0,1,11.49,0,0,50,11.49,0,0
88.1,10.46,1,1,1,11.87,0,0,50,11.87,0,0
70.4,8.17,1,0,1,11.61,0,0,50,11.61,0,0
96.0,11.22,1,0,1,11.69,0,0,50,11.69,0,0
94.0,10.95,1,0,1,11.65,0,0,50,11.65,0,0
31.4,6.13,0,1,1,12.1,0,0,50,12.1,0,0
69.1,6.03,0,1,1,12.1,0,0,50,12.1,0,0
97.7,11.04,1,0,1,11.3,0,0,50,11.3,0,0
94.9,10.79,1,0,1,11.37,0,0,50,11.37,0,0
74.5,8.9,1,1,1,11.95,0,0,50,11.95,0,0
67.3,7.97,1,1,1,11.84,0,0,50,11.84,0,0
46.5,5.78,1,0,1,12.43,0,0,50,12.43,0,0
47.0,5.4,1,0,1,11.49,0,0,50,11.49,0,0
63.5,7.69,1,0,1,12.11,0,0,50,12.11,0,0
47.8,5.39,1,0,1,11.28,0,0,50,11.28,0,0
47.9,5.66,1,0,1,11.82,0,0,50,11.82,0,0
64.8,8.29,0,1,1,12.79,0,0,50,12.79,0,0
51.7,9.19,0,1,0,13.37,0,0,50,13.37,0,0
5.7,2.56,1,1,0,13.37,0,0,50,13.37,0,0
53.4,9.9,1,0,1,13.37,0,0,50,13.37,0,0
53.4,3.2,1,0,1,13.37,0,0,50,13.37,0,0
65.2,5.81,1,1,1,13.37,0,0,50,13.37,2,0
48.7,5.86,1,0,1,12.03,0,0,50,12.03,0,0
47.4,5.8,1,0,1,12.24,0,0,50,12.24,0,0
47.0,6.01,1,0,1,12.79,0,0,50,12.79,0,0
47.5,6.36,1,0,1,13.39,0,0,50,13.39,0,0
47.6,5.69,1,0,1,11.95,0,0,50,11.95,0,0
83.9,9.15,0,1,1,10.91,0,0,50,10.91,1,0
45.9,10.2,0,0,1,17.03,0,0,50,17.03,0,0
38.7,4.21,0,1,1,17.03,0,0,50,17.03,2,0
64.3,8.01,1,1,1,12.46,0,0,50,12.46,0,0
52.6,6.64,1,0,1,12.62,0,0,50,12.62,0,0
47.4,5.84,1,0,1,12.32,0,0,50,12.32,0,0
64.0,13.91,0,1,1,15.67,0,0,50,15.67,2,0
65.1,6.32,0,1,1,15.67,0,0,50,15.67,2,0
65.3,11.63,0,1,1,14.6,0,0,50,14.6,0,0
64.7,7.35,0,1,1,14.6,0,0,50,14.6,2,0
51.4,7.37,0,1,1,14.34,0,0,50,14.34,2,0
62.7,8.38,1,1,1,13.37,0,0,50,13.37,0,1
50.0,6.34,1,0,1,12.68,0,0,50,12.68,0,1
65.7,8.79,1,0,1,13.38,0,0,50,13.38,0,1
47.6,6.49,1,0,1,13.63,0,0,50,13.63,0,1
46.2,6.35,1,0,1,13.74,0,0,50,13.74,0,1
22.2,6.86,1,1,1,14.13,0,0,50,14.13,0,1
49.4,3.26,1,1,1,14.13,0,0,50,14.13,0,1
54.2,7.55,1,0,1,13.93,0,0,50,13.93,0,1
47.1,6.86,1,0,1,14.56,0,0,50,14.56,0,1
46.0,6.22,1,0,1,13.52,0,0,50,13.52,0,1
47.5,6.75,1,0,1,14.21,0,0,50,14.21,0,1
46.3,6.68,1,0,1,14.43,0,0,50,14.43,0,1
66.4,9.81,1,1,1,14.77,0,0,50,14.77,0,1
53.3,13.95,1,1,1,16.41,0,0,50,16.41,0,1
54.4,3.72,1,1,1,16.41,0,0,50,16.41,0,1
48.9,6.91,1,0,1,14.13,0,0,50,14.13,0,1
46.5,6.4,1,0,1,13.76,0,0,50,13.76,0,1
47.4,6.42,1,0,1,13.54,0,0,50,13.54,0,1
49.8,6.34,1,0,1,12.73,0,0,50,12.73,0,1
46.5,6.15,1,0,1,13.23,0,0,50,13.23,0,1
72.7,9.98,1,1,1,13.73,0,0,50,13.73,0,1
50.6,6.63,1,0,1,13.1,0,0,50,13.1,0,1
46.6,6.05,1,0,1,12.98,0,0,50,12.98,0,1
45.8,6.11,1,0,1,13.34,0,0,50,13.34,0,1
45.9,6.02,1,0,1,13.12,0,0,50,13.12,0,1
46.3,6.22,1,0,1,13.43,0,0,50,13.43,0,1
77.8,10.93,1,1,1,14.05,0,0,50,14.05,0,1
49.6,6.94,1,0,1,13.99,0,0,50,13.99,0,1
53.8,7.33,1,0,1,13.62,0,0,50,13.62,0,1
46.6,6.39,1,0,1,13.71,0,0,50,13.71,0,1
49.4,6.81,1,0,1,13.79,0,0,50,13.79,0,1
58.9,8.14,1,0,1,13.82,0,0,50,13.82,0,1
75.4,10.88,1,1,1,14.43,0,0,50,14.43,0,1
46.4,6.52,1,0,1,14.05,0,0,50,14.05,0,1
50.2,6.66,1,0,1,13.27,0,0,50,13.27,0,1
52.2,7.67,1,0,1,14.69,0,0,50,14.69,0,1
109.3,14.27,1,1,1,13.06,0,0,50,13.06,1,1
48.6,7.23,1,0,1,14.88,0,0,50,14.88,0,1
71.4,10.26,1,1,1,14.37,0,0,50,14.37,0,1
48.7,6.96,1,0,1,14.29,0,0,50,14.29,0,1
48.1,6.87,1,0,1,14.28,0,0,50,14.28,0,1
47.3,6.59,1,0,1,13.93,0,0,50,13.93,0,1
51.1,7.4,1,0,1,13.51,0,0,50,13.51,0,1
50.1,6.27,1,0,1,13.51,0,0,50,13.51,0,1
63.9,9.2,1,1,1,14.4,0,0,50,14.4,0,1
65.3,9.63,1,1,1,14.75,0,0,50,14.75,0,1
52.2,7.24,1,0,1,13.87,0,0,50,13.87,0,1
48.1,7.0,1,0,1,14.55,0,0,50,14.55,0,1
47.6,6.91,1,0,1,14.52,0,0,50,14.52,0,1
48.2,6.46,1,0,1,13.4,0,0,50,13.4,0,1
46.0,6.76,1,0,1,14.7,0,0,50,14.7,0,1
63.7,9.05,1,1,1,14.21,0,0,50,14.21,0,1
44.5,11.3,0,1,1,13.54,0,0,50,13.54,0,1
105.5,9.01,0,1,1,13.54,0,0,50,13.54,0,1
82.7,13.93,0,1,1,16.84,0,0,50,16.84,2,1
48.3,6.78,1,0,1,13.43,0,0,50,13.43,0,1
65.3,8.48,1,0,1,13.43,0,0,50,13.43,0,1
46.5,6.61,1,0,1,14.22,0,0,50,14.22,0,1
46.9,6.34,1,0,1,13.52,0,0,50,13.52,0,1
49.8,6.78,1,0,1,13.61,0,0,50,13.61,0,1
28.1,4.21,1,1,1,14.04,0,0,50,14.04,0,1
55.0,7.46,1,1,1,14.04,0,0,50,14.04,0,1
71.4,9.95,1,1,1,13.94,0,0,50,13.94,0,1
47.3,6.99,1,0,1,14.78,0,0,50,14.78,0,1
69.4,10.07,1,0,1,14.51,0,0,50,14.51,0,1
47.3,6.44,1,0,1,13.62,0,0,50,13.62,0,1
48.1,6.83,1,0,1,14.2,0,0,50,14.2,0,1
50.2,7.06,1,0,1,14.06,0,0,50,14.06,0,1
68.0,10.45,1,1,1,15.37,0,0,50,15.37,0,1
48.7,6.94,1,0,1,14.25,0,0,50,14.25,0,1
46.7,6.71,1,0,1,14.37,0,0,50,14.37,0,1
47.2,6.64,1,0,1,14.07,0,0,50,14.07,0,1
60.5,9.43,1,1,1,15.59,0,0,50,15.59,0,1
45.9,6.72,1,0,1,14.64,0,0,50,14.64,0,1
74.9,11.68,1,1,1,15.59,0,0,50,15.59,0,1
47.3,6.71,1,0,1,14.19,0,0,50,14.19,0,1
47.3,7.05,1,0,1,14.9,0,0,50,14.9,0,1
47.0,6.9,1,0,1,14.68,0,0,50,14.68,0,1
48.1,7.44,1,0,1,15.47,0,1,50,15.47,0,1
46.8,7.13,1,0,1,15.24,0,0,50,15.24,0,1
62.5,9.22,1,1,1,14.75,0,0,50,14.75,0,1
48.4,6.99,1,0,1,14.44,0,0,50,14.44,0,1
48.7,6.96,1,0,1,14.29,0,0,50,14.29,0,1
46.7,6.94,1,0,1,14.86,0,0,50,14.86,0,1
47.0,6.74,1,0,1,14.34,0,0,50,14.34,0,1
47.0,6.65,1,0,1,14.15,0,0,50,14.15,0,1
65.4,9.89,1,1,1,15.12,0,0,50,15.12,0,1
47.6,7.12,1,0,1,14.96,0,0,50,14.96,0,1
48.4,6.94,1,0,1,14.34,0,0,50,14.34,0,1
47.9,7.12,1,0,1,14.86,0,0,50,14.86,0,1
22.6,6.87,0,1,1,14.07,0,0,50,14.07,0,1
57.7,4.43,1,1,1,14.07,0,0,50,14.07,0,1
45.9,6.9,1,0,1,15.03,0,1,50,15.03,0,1
97.4,15.17,1,1,1,15.57,0,0,50,15.57,0,1
49.4,7.46,1,0,1,15.1,0,0,50,15.1,0,1
49.1,7.23,1,0,1,14.73,0,1,50,14.73,0,1
35.7,9.26,1,0,1,14.53,0,0,50,14.53,0,1
43.3,8.2,0,1,1,14.53,0,0,50,14.53,0,1
85.7,6.47,1,1,1,14.53,0,1,50,14.53,0,1
36.5,5.21,0,0,1,14.27,0,0,50,14.27,0,1
76.3,11.46,1,1,1,15.02,0,0,50,15.02,0,1
64.1,15.16,0,1,1,17.9,0,0,50,17.9,2,1
67.8,8.45,0,1,1,17.9,0,0,50,17.9,2,1
66.0,13.91,0,1,1,15.99,0,0,50,15.99,0,1
65.4,8.33,0,1,1,15.99,0,0,50,15.99,2,1
12.1,6.01,0,0,1,15.99,0,0,50,15.99,0,1
77.6,7.1,1,1,1,15.99,0,0,50,15.99,0,1
62.6,10.02,1,0,1,15.99,0,1,50,15.99,0,1
47.5,7.53,1,0,1,15.85,0,0,50,15.85,0,1
46.9,6.8,1,0,1,14.5,0,0,50,14.5,0,1
87.6,12.43,1,1,1,14.19,0,0,50,14.19,0,1
51.4,6.89,1,0,1,13.4,0,0,50,13.4,0,1
63.7,9.16,1,0,1,14.38,0,0,50,14.38,0,1
46.8,6.42,1,0,1,13.72,0,0,50,13.72,0,1
49.7,6.92,1,0,1,13.92,0,0,50,13.92,0,1
46.6,6.42,1,0,1,13.78,0,0,50,13.78,0,1
75.9,11.55,1,1,1,15.22,0,0,50,15.22,0,1
68.1,10.67,1,1,1,15.67,0,0,50,15.67,0,1
50.8,7.65,1,0,1,15.06,0,0,50,15.06,0,1
47.9,6.66,1,0,1,13.9,0,0,50,13.9,0,1
47.5,6.21,1,0,1,13.07,0,0,50,13.07,0,1
53.5,13.14,0,1,1,15.3,0,0,50,15.3,0,1
53.7,8.85,0,1,0,15.3,0,0,50,15.3,0,1
53.4,8.98,0,1,0,15.3,0,0,50,15.3,0,1
63.2,10.02,0,1,0,15.3,0,1,50,15.3,0,1
46.4,7.49,0,1,0,15.3,0,0,50,15.3,0,1
55.8,8.41,0,1,0,15.3,0,0,50,15.3,0,1
55.5,9.03,0,1,0,15.3,0,0,50,15.3,0,1
19.4,3.15,0,1,0,15.3,0,0,50,15.3,0,1
28.1,7.4,0,1,0,15.3,0,0,50,15.3,0,1
56.2,5.05,0,1,0,15.3,0,0,50,15.3,0,1
28.3,5.96,0,1,0,15.3,0,0,50,15.3,0,1
52.6,5.3,0,1,0,15.3,0,0,50,15.3,0,1
51.2,6.49,0,1,0,15.3,0,0,50,15.3,0,1
82.6,7.79,0,1,1,15.3,0,0,50,15.3,0,1
65.0,9.84,0,0,1,15.14,0,0,50,15.14,0,1
38.7,13.3,0,0,1,17.86,0,0,50,17.86,0,1
56.0,3.61,0,0,1,17.86,0,1,50,17.86,0,1
67.4,16.4,0,1,1,15.76,0,1,50,15.76,0,1
61.7,10.34,0,1,0,15.76,0,1,50,15.76,0,1
52.7,8.01,0,1,0,15.76,0,1,50,15.76,0,1
40.9,7.4,0,1,0,15.76,0,1,50,15.76,0,1
56.7,8.5,0,1,0,15.76,0,1,50,15.76,0,1
42.8,7.86,0,1,0,15.76,0,1,50,15.76,0,1
55.2,8.22,0,1,0,15.76,0,1,50,15.76,0,1
55.9,5.45,0,1,0,15.76,0,1,50,15.76,0,1
44.5,10.82,0,1,0,15.76,0,1,50,15.76,0,1
58.6,7.15,0,1,0,15.76,0,0,50,15.76,0,1
51.8,8.0,0,1,0,15.76,0,0,50,15.76,0,1
89.0,8.61,0,1,0,15.76,0,0,50,15.76,0,1
95.7,14.63,1,1,1,15.29,0,0,50,15.29,0,1
70.0,12.9,0,1,0,13.41,0,0,50,13.41,0,1
102.7,10.26,0,1,1,13.41,0,0,50,13.41,0,1
28.0,7.94,0,0,1,14.3,0,0,50,14.3,2,0
91.0,9.84,0,0,1,14.3,0,0,50,14.3,2,0
31.0,3.68,0,0,1,14.3,0,0,50,14.3,2,0
20.4,2.91,0,0,1,14.3,0,0,50,14.3,2,0
38.2,10.26,0,0,1,15.76,0,0,50,15.76,2,0
57.1,9.11,0,1,1,15.76,0,0,50,15.76,2,0
85.7,9.15,0,1,1,15.76,0,0,50,15.76,2,0
52.5,7.41,1,0,1,14.11,0,1,50,14.11,0,0
82.2,11.31,1,0,1,13.76,0,0,50,13.76,0,0
48.4,6.39,1,0,1,13.2,0,0,50,13.2,0,0
68.0,9.17,1,1,1,13.49,0,0,50,13.49,0,0
101.5,13.62,1,1,1,13.42,0,0,50,13.42,0,0
48.2,6.67,1,0,1,13.37,0,0,50,13.37,0,0
67.3,14.03,1,1,1,13.37,0,0,50,13.37,0,0
46.3,0.94,1,0,1,13.37,0,0,50,13.37,0,0
94.3,12.23,1,0,1,12.97,0,0,50,12.97,0,0
72.5,10.36,1,1,1,14.29,0,0,50,14.29,2,0
69.4,9.93,1,1,1,14.31,0,0,50,14.31,0,0
65.9,9.27,1,0,1,13.18,0,0,50,13.18,0,0
92.6,12.44,1,0,1,13.18,0,0,50,13.18,0,0
99.4,12.28,1,0,1,13.18,0,0,50,13.18,0,0
70.4,9.66,0,1,1,13.72,0,0,50,13.72,2,0
48.0,6.77,1,0,1,13.13,0,0,50,13.13,0,0
97.1,12.28,1,0,1,13.13,0,0,50,13.13,0,0
98.3,12.97,1,0,1,13.19,0,0,50,13.19,0,0
64.2,13.71,0,1,1,15.23,0,0,50,15.23,2,0
65.2,6.0,0,0,1,15.23,0,0,50,15.23,2,0
65.4,13.03,0,1,1,15.41,0,0,50,15.41,0,0
64.9,7.05,0,1,1,15.41,0,0,50,15.41,2,0
63.9,11.13,1,1,1,13.83,0,0,50,13.83,0,0
65.3,6.74,0,1,1,13.83,0,0,50,13.83,2,0
63.0,8.79,1,0,1,13.11,0,0,50,13.11,0,0
96.8,12.16,1,0,1,13.11,0,0,50,13.11,0,0
93.8,12.17,1,0,1,12.97,0,0,50,12.97,0,0
51.0,11.12,0,1,1,12.48,0,0,50,12.48,0,0
46.8,5.0,0,1,0,12.48,0,0,50,12.48,0,0
69.3,8.1,0,1,0,12.48,0,0,50,12.48,0,0
42.8,6.79,0,1,1,12.48,0,0,50,12.48,0,0
109.1,8.8,0,0,1,12.48,0,0,50,12.48,0,0
26.4,8.01,0,0,1,13.38,0,0,50,13.38,2,0
63.4,8.29,0,1,1,13.38,0,0,50,13.38,0,0
68.1,9.4,0,1,1,13.38,0,0,50,13.38,0,0
89.0,11.12,0,1,1,13.38,0,0,50,13.38,0,0
62.6,4.58,1,1,1,13.38,0,0,50,13.38,2,0
52.4,6.83,1,0,1,13.03,0,0,50,13.03,0,0
92.4,11.87,1,0,1,12.85,0,0,50,12.85,0,0
112.7,14.21,1,1,1,12.61,0,0,50,12.61,0,0
74.0,9.8,1,1,1,13.24,0,0,50,13.24,2,0
22.2,5.34,0,1,1,12.55,0,0,50,12.55,0,0
55.8,4.45,1,1,1,12.55,0,0,50,12.55,0,0
48.1,6.13,1,0,1,12.74,0,0,50,12.74,0,0
93.2,11.68,1,0,1,12.53,0,0,50,12.53,0,0
92.0,10.98,1,0,1,11.93,0,0,50,11.93,0,0
91.6,11.55,1,1,1,12.61,0,0,50,12.61,0,0
44.3,5.95,1,0,1,12.58,0,0,50,12.58,0,0
103.0,12.58,1,1,1,12.58,0,0,50,12.58,0,0
78.3,15.28,0,1,0,12.2,0,0,50,12.2,0,0
73.4,8.12,0,1,0,12.2,0,0,50,12.2,0,0
68.3,8.15,0,1,1,12.2,0,0,50,12.2,0,0
63.7,8.24,0,0,1,12.2,0,0,50,12.2,0,0
73.0,5.1,0,0,1,12.2,0,0,50,12.2,0,0
20.0,4.9,0,0,1,12.2,0,0,50,12.2,0,0
63.7,6.87,0,1,1,12.2,0,0,50,12.2,0,0
87.4,7.72,0,0,1,12.2,0,0,50,12.2,0,0
92.1,12.56,1,0,1,10.42,0,0,50,10.42,0,0
92.0,10.27,1,0,1,10.42,0,0,50,10.42,0,0
91.9,9.48,1,0,1,10.42,0,0,50,10.42,0,0
91.9,9.66,1,0,1,10.42,0,0,50,10.42,0,0
91.9,9.82,1,0,1,10.42,0,0,50,10.42,0,0
91.9,9.09,1,0,1,10.42,0,0,50,10.42,0,0
91.9,9.52,1,0,1,10.42,0,0,50,10.42,0,0
91.9,9.66,1,0,1,10.42,0,0,50,10.42,0,0
91.9,6.19,1,0,1,10.42,0,0,50,10.42,0,0
24.3,4.14,1,0,0,17.04,0,0,50,17.04,0,0
7.1,3.68,1,0,0,11.97,0,0,50,11.97,0,0
46.0,6.56,1,1,0,11.97,0,0,50,11.97,0,0
63.8,7.33,0,1,0,11.97,0,0,50,11.97,0,0
68.9,8.5,0,1,0,11.97,0,0,50,11.97,0,0
84.8,6.32,0,1,1,11.97,0,0,50,11.97,0,0
118.5,14.2,1,1,1,11.83,0,0,50,11.83,0,0
20.6,2.26,1,0,1,11.83,0,0,50,11.83,0,0
63.2,7.53,1,1,1,11.91,0,0,50,11.91,0,0
133.7,15.84,1,1,1,11.85,0,0,50,11.85,0,0
48.1,5.6,1,0,1,11.64,0,0,50,11.64,0,0
93.4,10.85,1,0,1,11.62,0,0,50,11.62,0,0
91.8,10.53,1,0,1,11.47,0,0,50,11.47,0,0
69.7,12.4,0,1,1,11.95,0,0,50,11.95,0,0
50.3,1.94,1,1,1,11.95,0,0,50,11.95,0,0
52.0,6.52,0,1,1,12.01,0,0,50,12.01,0,0
66.7,7.74,1,1,1,12.01,0,0,50,12.01,0,0
48.9,5.74,1,0,1,11.74,0,0,50,11.74,0,0
92.8,11.3,1,0,1,12.18,0,0,50,12.18,0,0
98.8,11.75,1,0,1,11.89,0,0,50,11.89,0,0
108.2,15.3,0,1,1,14.14,0,0,50,14.14,0,0
2.8,7.33,1,1,0,12.74,0,0,50,12.74,0,0
106.5,6.59,0,1,0,12.74,0,0,50,12.74,0,0
111.1,13.32,1,1,1,11.99,0,0,50,11.99,0,0
90.1,12.33,0,1,1,13.68,0,0,50,13.68,2,0
94.5,11.27,1,0,1,11.93,0,0,50,11.93,0,0
92.5,11.2,1,0,1,12.11,0,0,50,12.11,0,0
67.6,8.36,1,1,1,12.37,0,0,50,12.37,0,0
33.2,13.17,1,1,1,11.72,0,0,50,11.72,0,0
47.4,1.52,1,0,1,11.72,0,0,50,11.72,0,0
64.4,2.31,1,1,1,11.72,0,0,50,11.72,0,0
95.4,11.0,1,0,1,11.53,0,0,50,11.53,0,0
104.6,13.47,1,1,1,12.88,0,0,50,12.88,0,0
48.0,5.86,1,0,1,12.21,0,0,50,12.21,0,0
106.8,12.36,1,1,1,11.57,1,0,50,11.57,0,0
107.2,12.19,1,1,1,11.37,1,0,50,11.37,0,0
48.7,5.86,1,0,1,12.03,0,0,50,12.03,0,0
92.3,10.82,1,0,1,11.49,0,0,50,11.49,0,0
94.5,10.65,1,0,1,11.49,0,0,50,11.49,0,0
71.5,8.5,1,1,1,11.89,0,0,50,11.89,0,0
44.6,11.15,1,1,1,11.97,0,0,50,11.97,0,0
64.2,1.87,1,1,1,11.97,0,0,50,11.97,0,0
48.0,5.75,1,0,1,11.98,0,0,50,11.98,0,0
95.2,11.2,1,0,1,11.76,0,0,50,11.76,0,0
98.9,11.83,1,0,1,11.96,0,0,50,11.96,0,0
44.5,10.62,1,1,1,11.67,0,0,50,11.67,0,0
69.9,2.73,1,1,1,11.67,0,0,50,11.67,0,0
117.1,14.05,1,1,1,12.0,0,0,50,12.0,0,0
114.7,13.66,1,1,1,11.91,0,0,50,11.91,0,0
92.2,10.95,1,0,1,11.88,0,0,50,11.88,0,0
93.9,10.76,1,0,1,11.46,0,0,50,11.46,0,0
79.9,9.26,1,1,1,11.59,0,0,50,11.59,0,0
44.2,11.48,1,1,1,11.73,0,0,50,11.73,0,0
70.2,1.94,1,1,1,11.73,0,0,50,11.73,0,0
48.2,5.67,1,0,1,11.76,0,0,50,11.76,0,0
97.1,11.17,1,0,1,11.5,0,0,50,11.5,0,0
94.2,10.73,1,0,1,11.39,0,0,50,11.39,0,0
115.8,13.21,1,1,1,11.41,0,0,50,11.41,0,0
76.5,9.08,1,1,1,11.87,0,0,50,11.87,0,0
48.4,5.68,1,0,1,11.74,0,0,50,11.74,0,0
45.9,5.44,1,0,1,11.85,0,0,50,11.85,0,0
98.2,11.85,1,1,1,11.75,0,0,50,11.75,0,0
47.3,5.24,1,0,1,11.75,0,0,50,11.75,0,0
47.2,5.47,1,0,1,11.59,0,0,50,11.59,0,0
15.1,12.18,0,1,1,12.52,0,0,50,12.52,0,0
62.4,1.6,0,1,1,12.52,0,0,50,12.52,0,0
47.5,1.87,0,1,1,12.52,0,0,50,12.52,0,0
52.7,6.42,1,0,1,12.18,0,0,50,12.18,0,0
102.7,12.24,1,0,1,11.92,0,0,50,11.92,0,0
48.7,5.96,1,0,1,12.4,0,0,50,12.4,0,0
59.0,7.4,1,0,1,12.4,0,0,50,12.4,0,0
94.0,10.85,1,1,1,11.54,1,0,50,11.54,0,0
50.2,6.2,1,0,1,12.35,0,0,50,12.35,0,0
46.5,5.9,1,0,1,12.69,0,0,50,12.69,0,0
46.3,5.9,1,0,1,12.74,0,0,50,12.74,0,0
46.1,6.4,1,0,1,12.12,0,0,50,12.12,0,0
47.2,4.91,1,0,1,12.12,0,0,50,12.12,0,0
62.5,7.26,1,1,1,11.62,0,0,50,11.62,0,0
59.0,10.57,1,1,1,12.33,1,0,50,12.33,0,0
52.8,3.22,1,1,1,12.33,1,0,50,12.33,0,0
59.9,7.36,1,0,1,12.29,0,0,50,12.29,0,0
98.2,12.43,1,1,1,12.66,0,0,50,12.66,0,0
50.0,6.12,1,0,1,12.24,0,0,50,12.24,0,0
47.1,5.75,1,0,1,12.21,0,0,50,12.21,0,0
47.7,5.91,1,0,1,12.39,0,0,50,12.39,0,0
73.7,9.89,0,1,1,13.42,1,0,50,13.42,2,0
73.6,9.13,1,1,1,12.4,1,0,50,12.4,0,0
50.0,5.6,1,0,1,11.2,0,0,50,11.2,0,0
40.9,5.4,1,0,1,13.2,0,0,50,13.2,0,0
46.7,5.12,1,0,1,10.96,0,0,50,10.96,0,0
47.1,5.56,1,0,1,11.8,0,0,50,11.8,0,0
46.8,5.49,1,0,1,11.73,0,0,50,11.73,0,0
62.1,7.25,1,1,1,11.67,0,0,50,11.67,0,0
70.2,8.52,1,1,1,12.14,0,0,50,12.14,0,0
48.2,5.79,1,0,1,12.01,0,0,50,12.01,0,0
49.6,5.93,1,0,1,11.96,0,0,50,11.96,0,0
47.7,5.2,1,0,1,10.9,0,0,50,10.9,0,0
63.8,12.83,0,1,1,14.74,0,0,50,14.74,2,0
64.9,6.14,0,1,1,14.74,0,0,50,14.74,2,0
65.2,12.79,0,1,1,13.25,0,0,50,13.25,2,0
65.0,6.53,0,1,1,13.25,0,0,50,13.25,2,0
93.7,10.34,0,1,1,13.25,0,0,50,13.25,0,0
68.2,8.38,0,1,1,12.29,0,0,50,12.29,0,0
74.7,9.94,0,1,1,13.31,0,0,50,13.31,0,0
73.3,8.42,0,1,1,11.49,0,0,50,11.49,1,0
47.9,5.72,1,0,1,11.94,0,0,50,11.94,0,0
47.5,5.74,1,0,1,12.08,0,0,50,12.08,0,0
47.1,5.7,1,0,1,12.1,0,0,50,12.1,0,0
84.6,10.0,1,1,1,11.82,0,0,50,11.82,0,0
46.7,5.87,1,0,1,12.57,0,0,50,12.57,0,0
48.2,5.97,1,0,1,12.39,0,0,50,12.39,0,0
46.1,5.88,1,0,1,12.75,0,0,50,12.75,0,0
46.5,6.0,1,0,1,12.9,0,0,50,12.9,0,0
1.2,6.42,1,0,0,12.54,0,0,50,12.54,0,0
76.2,4.46,1,1,1,12.54,0,0,50,12.54,0,0
53.5,5.54,1,0,1,12.54,0,0,50,12.54,0,0
46.3,5.65,1,0,1,12.2,0,0,50,12.2,0,0
0.6,6.92,1,0,0,12.41,0,0,50,12.41,0,0
5.5,4.75,1,0,1,12.41,0,0,50,12.41,0,0
66.9,0.9,1,0,1,12.41,0,0,50,12.41,0,0
12.1,7.4,0,1,1,12.41,0,0,50,12.41,0,0
88.2,1.54,1,1,1,12.41,0,0,50,12.41,0,0
16.0,5.26,1,0,1,12.46,0,0,50,12.46,0,0
31.2,3.61,1,0,1,12.46,0,0,50,12.46,0,0
73.5,6.17,0,1,1,12.46,0,0,50,12.46,0,0
70.1,8.95,1,1,1,12.77,0,0,50,12.77,0,0
76.0,9.88,0,1,1,13.0,0,0,50,13.0,2,0
6.0,4.93,1,0,1,11.78,0,0,50,11.78,0,0
11.6,0.7,1,0,1,11.78,0,0,50,11.78,0,0
18.0,6.03,1,0,1,11.78,0,0,50,11.78,0,0
74.7,3.09,1,1,1,11.78,0,0,50,11.78,0,0
48.5,5.24,1,0,1,11.78,0,0,50,11.78,0,0
51.3,5.17,1,0,1,11.78,0,0,50,11.78,0,0
46.0,7.9,1,0,1,11.78,0,0,50,11.78,0,0
62.1,4.43,0,1,1,11.78,0,0,50,11.78,0,0
1.1,7.5,1,0,0,12.83,0,0,50,12.83,0,0
85.4,3.87,0,1,1,12.83,0,0,50,12.83,0,0
47.0,6.43,1,0,1,12.83,0,0,50,12.83,0,0
48.1,5.73,1,0,1,12.83,0,0,50,12.83,0,0
51.0,6.46,1,0,1,12.83,0,0,50,12.83,0,0
46.6,5.82,1,0,1,12.83,0,0,50,12.83,0,0
62.5,9.1,0,1,1,12.39,0,0,50,12.39,0,0
24.4,6.15,0,1,1,12.39,0,0,50,12.39,0,0
53.7,5.3,0,1,1,12.39,0,0,50,12.39,0,0
48.3,6.18,1,0,1,12.39,0,0,50,12.39,0,0
73.4,5.77,0,1,1,12.39,0,0,50,12.39,2,0
47.6,5.91,1,0,1,12.42,0,0,50,12.42,0,0
47.0,5.86,1,0,1,12.47,0,0,50,12.47,0,0
48.2,6.03,1,0,1,12.51,0,0,50,12.51,0,0
0.6,6.51,1,0,0,13.44,0,0,50,13.44,0,0
73.4,6.16,0,1,1,13.44,0,0,50,13.44,2,0
62.5,5.67,1,1,1,13.44,0,0,50,13.44,0,0
48.6,6.07,1,0,1,12.49,0,0,50,12.49,0,0
48.9,6.45,1,0,1,13.19,0,0,50,13.19,0,0
47.6,5.85,1,0,1,12.29,0,0,50,12.29,0,0
49.0,6.18,1,0,1,12.61,0,0,50,12.61,0,0
49.3,6.25,1,0,1,12.68,0,0,50,12.68,0,0
78.5,10.05,1,1,1,12.8,0,0,50,12.8,0,0
68.0,8.93,1,0,1,13.13,0,0,50,13.13,0,0
63.6,8.74,1,0,1,13.74,0,0,50,13.74,2,0
0.8,4.14,1,0,0,13.31,0,0,50,13.31,2,0
62.6,4.3,1,0,1,13.31,0,0,50,13.31,0,0
0.8,3.04,1,0,0,12.12,0,0,50,12.12,0,0
49.7,3.08,1,0,1,12.12,0,0,50,12.12,0,0
0.8,7.22,1,0,0,13.55,0,0,50,13.55,0,0
92.6,5.44,1,0,1,13.55,0,0,50,13.55,0,0
31.2,8.36,0,1,1,12.89,0,0,50,12.89,0,0
73.0,5.07,0,1,1,12.89,0,0,50,12.89,0,0
0.8,3.59,1,0,0,13.22,0,0,50,13.22,1,0
49.9,5.05,1,0,1,13.22,0,0,50,13.22,0,0
49.5,4.61,1,0,1,13.22,0,0,50,13.22,0,0
49.5,6.73,1,0,1,13.6,0,0,50,13.6,0,0
54.7,7.19,1,0,1,13.14,0,0,50,13.14,0,0
63.9,13.3,0,1,1,15.33,0,0,50,15.33,0,0
64.9,6.44,0,1,1,15.33,0,0,50,15.33,0,0
67.9,12.86,0,1,1,14.58,0,0,50,14.58,0,0
64.5,6.44,0,1,1,14.58,0,0,50,14.58,2,0
0.5,1.39,1,0,0,12.74,0,0,50,12.74,0,0
65.2,6.98,1,1,1,12.74,0,0,50,12.74,0,0
8.2,4.45,1,0,1,12.43,0,0,50,12.43,0,0
64.2,4.55,1,0,1,12.43,0,0,50,12.43,0,0
48.1,5.61,1,0,1,11.66,0,0,50,11.66,0,0
52.0,6.47,1,0,1,12.44,0,0,50,12.44,0,0
48.0,6.19,1,0,1,12.9,0,0,50,12.9,0,0
49.4,6.68,1,0,1,13.52,0,0,50,13.52,0,1
48.4,6.69,1,0,1,13.82,0,0,50,13.82,0,1
47.5,6.8,1,0,1,14.32,0,0,50,14.32,0,1
22.8,7.12,0,1,1,13.72,0,0,50,13.72,0,1
69.7,5.77,1,1,1,13.72,0,0,50,13.72,0,1
64.3,8.62,1,0,1,13.72,0,0,50,13.72,0,1
29.9,9.05,1,1,1,14.82,0,0,50,14.82,0,1
12.0,7.6,1,1,1,14.82,0,0,50,14.82,0,1
52.2,1.6,1,1,1,14.82,0,0,50,14.82,0,1
80.7,7.66,1,1,1,14.82,0,0,50,14.82,0,1
69.8,10.05,1,0,1,14.4,0,0,50,14.4,0,1
49.5,7.21,1,0,1,14.57,0,0,50,14.57,0,1
47.2,6.76,1,0,1,13.75,0,0,50,13.75,0,1
48.6,6.41,1,0,1,13.75,0,0,50,13.75,0,1
47.6,7.31,1,0,1,14.49,0,0,50,14.49,0,1
65.9,9.14,1,1,1,14.49,0,0,50,14.49,0,1
49.4,6.94,1,0,1,14.05,0,0,50,14.05,0,1
58.4,8.56,1,0,1,14.66,0,0,50,14.66,0,1
48.3,6.72,1,0,1,13.91,0,0,50,13.91,0,1
48.3,7.56,1,0,1,14.55,0,0,50,14.55,0,1
48.1,6.47,1,0,1,14.55,0,0,50,14.55,0,1
25.7,15.48,1,1,1,15.27,0,0,50,15.27,0,1
91.1,2.35,1,1,1,15.27,0,0,50,15.27,0,1
0.1,4.0,1,0,0,15.19,0,0,50,15.19,0,1
32.8,8.6,1,1,1,15.19,0,0,50,15.19,0,1
71.8,3.3,0,1,1,15.19,0,1,50,15.19,0,1
52.5,7.6,1,0,1,14.48,0,0,50,14.48,0,1
49.8,6.8,1,0,1,13.65,0,0,50,13.65,0,1
48.8,6.96,1,0,1,14.26,0,0,50,14.26,0,1
49.8,6.95,1,0,1,13.96,0,0,50,13.96,0,1
49.3,7.3,1,0,1,14.81,0,0,50,14.81,0,1
2.8,3.4,1,0,0,15.1,0,0,50,15.1,0,1
63.9,9.0,1,1,1,15.1,0,0,50,15.1,0,1
16.8,5.1,1,0,1,15.1,0,0,50,15.1,0,1
28.5,2.5,1,0,1,15.1,0,1,50,15.1,0,1
51.6,4.7,1,0,1,15.1,0,0,50,15.1,0,1
49.3,6.6,1,0,1,13.39,0,0,50,13.39,0,1
47.6,6.6,1,0,1,13.87,0,0,50,13.87,0,1
49.1,6.8,1,0,1,13.85,0,0,50,13.85,0,1
46.7,6.4,1,0,1,13.7,0,0,50,13.7,0,1
69.2,10.1,1,1,1,14.6,0,0,50,14.6,0,1
48.6,7.1,1,0,1,14.61,0,0,50,14.61,0,1
46.2,6.4,1,0,1,13.85,0,0,50,13.85,0,1
48.9,7.1,1,0,1,14.52,0,0,50,14.52,0,1
46.7,6.7,1,0,1,14.35,0,0,50,14.35,0,1
48.2,7.3,1,0,1,15.15,0,0,50,15.15,0,1
66.3,11.1,1,1,1,16.74,0,0,50,16.74,0,1
48.4,7.5,1,0,1,15.5,0,0,50,15.5,0,1
48.0,8.2,1,0,1,17.08,0,1,50,17.08,0,1
48.9,7.6,1,0,1,15.54,0,1,50,15.54,0,1
50.1,8.31,1,0,1,16.59,0,1,50,16.59,0,1
46.4,6.8,1,0,1,14.66,0,0,50,14.66,0,1
64.8,9.6,1,1,1,14.81,0,0,50,14.81,0,1
49.9,7.3,1,0,1,14.63,0,0,50,14.63,0,1
46.6,6.7,1,0,1,14.38,0,0,50,14.38,0,1
47.7,6.9,1,0,1,14.47,0,0,50,14.47,0,1
46.3,7.763574631646381,1,0,1,,0,0,50,,0,1
47.0,6.9,1,0,1,14.68,0,0,50,14.68,0,1
51.7,7.763574631646381,1,1,1,,0,0,50,,0,1
70.5,10.1,1,1,1,,0,0,50,,0,1
53.5,7.7,1,0,1,14.39,0,0,50,14.39,0,1
47.7,8.6,1,0,1,14.29,0,0,50,14.29,0,1
48.4,6.1,1,0,1,14.29,0,0,50,14.29,0,1
48.8,6.0,1,0,1,14.29,0,0,50,14.29,0,1
46.4,7.3,1,0,1,15.73,0,0,50,15.73,0,1
65.2,9.1,1,1,1,13.96,0,0,50,13.96,0,1
49.0,7.5,1,0,1,15.31,0,0,50,15.31,0,1
50.5,6.9,1,0,1,13.66,0,0,50,13.66,0,1
51.7,7.7,1,0,1,14.89,0,0,50,14.89,0,1
48.9,6.9,1,0,1,14.11,0,0,50,14.11,0,1
48.8,6.7,1,0,1,13.73,0,0,50,13.73,0,1
62.5,10.0,1,1,1,16.0,0,0,50,16.0,0,1
49.5,7.2,1,0,1,14.55,0,0,50,14.55,0,1
51.9,7.8,1,0,1,15.03,0,0,50,15.03,0,1
47.1,9.6,1,0,1,14.47,0,0,50,14.47,0,1
49.0,4.31,1,0,1,14.47,0,0,50,14.47,0,1
49.2,7.3,1,0,1,14.84,0,0,50,14.84,0,1
41.9,13.9,1,1,1,15.65,0,0,50,15.65,0,1
64.6,2.77,1,1,1,15.65,0,0,50,15.65,0,1
62.9,9.8,1,1,1,15.58,0,0,50,15.58,2,1
24.4,10.3,0,1,1,15.96,0,0,50,15.96,2,1
67.1,4.3,0,1,1,15.96,0,0,50,15.96,2,1
55.5,9.0,1,1,1,16.22,0,0,50,16.22,0,1
62.9,10.1,1,1,1,16.06,0,0,50,16.06,0,1
50.7,8.0,0,1,1,15.78,0,1,50,15.78,0,1
44.6,9.2,1,0,1,14.94,0,0,50,14.94,0,1
79.6,9.35,1,1,1,14.94,0,0,50,14.94,0,1
64.6,14.3,0,1,1,16.85,0,0,50,16.85,2,1
65.4,7.6,0,1,1,16.85,0,0,50,16.85,2,1
68.9,14.54,0,1,1,16.66,0,0,50,16.66,0,1
65.2,7.8,0,1,1,16.66,0,0,50,16.66,2,1
1.1,3.0,1,0,0,15.17,0,0,50,15.17,0,1
64.8,7.0,1,1,1,15.17,0,0,50,15.17,0,1
50.4,7.2,1,1,1,14.29,0,0,50,14.29,0,1
62.4,9.62,1,1,1,15.42,0,0,50,15.42,0,1
68.6,10.15,1,1,1,14.8,0,0,50,14.8,0,1
48.2,7.09,1,0,1,14.71,0,0,50,14.71,0,1
45.9,6.83,1,0,1,14.88,0,0,50,14.88,0,1
47.7,6.91,1,0,1,14.49,0,0,50,14.49,0,1
63.5,9.6,1,0,1,15.12,0,0,50,15.12,0,1
48.9,6.59,1,0,1,13.48,0,0,50,13.48,0,1
68.8,10.92,1,1,1,15.87,0,0,50,15.87,0,1
50.9,7.12,1,0,1,13.99,0,0,50,13.99,0,1
49.9,7.52,1,0,1,15.07,0,0,50,15.07,0,1
46.9,6.66,1,0,1,14.2,0,0,50,14.2,0,1
46.8,7.71,1,0,1,16.47,0,0,50,16.47,0,1
48.4,7.33,1,0,1,15.14,0,0,50,15.14,0,1
68.9,12.43,1,1,1,14.71,0,0,50,14.71,0,1
55.0,5.8,1,0,1,14.71,0,0,50,14.71,0,1
53.9,7.93,1,0,1,14.71,0,0,50,14.71,0,1
46.1,7.1,1,0,1,15.4,0,0,50,15.4,0,1
47.1,8.13,1,0,1,15.43,0,0,50,15.43,0,1
48.7,6.65,1,0,1,15.43,0,1,50,15.43,0,1
80.7,10.69,1,1,1,13.25,0,0,50,13.25,0,0
53.2,7.46,1,0,1,14.02,0,1,50,14.02,0,0
51.0,8.22,1,0,1,13.21,0,0,50,13.21,0,0
55.7,5.87,1,0,1,13.21,0,0,50,13.21,0,0
50.8,6.46,1,0,1,12.72,0,0,50,12.72,0,0
76.6,10.74,1,1,1,14.02,0,0,50,14.02,0,0
64.6,8.72,1,1,1,13.5,0,0,50,13.5,0,0
48.5,6.13,1,0,1,12.64,0,0,50,12.64,0,0
48.7,6.18,1,0,1,12.69,0,0,50,12.69,0,0
47.8,6.0,1,0,1,12.55,0,0,50,12.55,0,0
47.5,5.86,1,0,1,12.34,0,0,50,12.34,0,0
46.3,7.3,1,0,1,12.82,0,0,50,12.82,0,0
75.3,9.85,1,1,1,12.82,0,1,50,12.82,0,0
66.0,6.9,1,0,1,12.82,0,0,50,12.82,0,0
50.0,6.9,1,0,1,13.8,0,1,50,13.8,0,0
63.2,8.02,1,0,1,12.69,0,0,50,12.69,0,0
46.7,5.83,1,0,1,12.48,0,0,50,12.48,0,0
64.1,8.53,1,1,1,13.31,0,0,50,13.31,0,0
49.4,7.13,1,0,1,13.47,0,0,50,13.47,0,0
46.2,5.75,1,0,1,13.47,0,0,50,13.47,0,0
47.5,6.36,1,0,1,13.39,0,1,50,13.39,0,0
47.0,5.7,1,0,1,12.13,0,0,50,12.13,0,0
51.7,6.3,1,0,1,12.19,0,0,50,12.19,0,0
71.8,9.75,1,1,1,12.9,0,0,50,12.9,2,0
18.0,3.07,1,0,1,12.9,0,0,50,12.9,0,0
49.1,5.1,1,0,1,12.9,0,0,50,12.9,0,0
47.0,6.78,1,0,1,12.59,0,0,50,12.59,0,0
45.4,4.85,1,0,1,12.59,0,0,50,12.59,0,0
47.9,6.01,1,0,1,12.55,0,0,50,12.55,0,0
46.2,5.82,1,0,1,12.6,0,0,50,12.6,0,0
78.8,10.95,0,1,1,13.9,0,0,50,13.9,2,0
50.0,5.94,1,0,1,11.88,0,0,50,11.88,0,0
46.4,5.58,1,0,1,12.03,0,0,50,12.03,0,0
51.1,6.28,1,0,1,12.29,0,0,50,12.29,0,0
47.4,6.07,1,0,1,12.81,0,0,50,12.81,0,0
46.3,5.81,1,0,1,12.55,0,0,50,12.55,0,0
73.5,12.14,0,1,1,16.52,0,0,50,16.52,2,0
72.6,10.11,1,1,1,12.92,0,0,50,12.92,0,0
52.6,6.07,1,0,1,12.92,0,0,50,12.92,0,0
50.5,6.25,1,0,1,12.38,0,0,50,12.38,0,0
48.2,6.36,1,0,1,13.2,0,0,50,13.2,0,0
50.8,6.26,1,0,1,12.32,0,0,50,12.32,0,0
48.0,5.79,1,0,1,12.06,0,0,50,12.06,0,0
63.9,14.2,0,1,1,15.63,0,0,50,15.63,2,0
71.7,7.0,0,1,1,15.63,0,0,50,15.63,2,0
70.6,12.96,0,1,1,14.05,0,0,50,14.05,0,0
65.1,6.1,0,1,1,14.05,0,0,50,14.05,0,0
64.7,8.11,1,1,1,12.53,0,0,50,12.53,0,0
67.3,8.92,1,1,1,13.25,0,0,50,13.25,2,0
48.7,6.79,1,0,1,12.23,0,0,50,12.23,0,0
47.2,4.94,1,0,1,12.23,0,0,50,12.23,0,0
46.9,5.61,1,0,1,11.96,0,0,50,11.96,0,0
47.4,6.34,1,0,1,12.91,0,0,50,12.91,0,0
80.2,10.13,1,1,1,12.91,0,0,50,12.91,0,0
52.6,6.32,1,0,1,12.02,0,0,50,12.02,0,0
48.3,5.72,1,0,1,11.84,0,0,50,11.84,0,0
48.6,7.763574631646381,1,0,1,,0,0,50,,0,0
48.6,7.763574631646381,1,0,1,,0,0,50,,0,0
48.9,6.2,1,0,1,12.68,0,0,50,12.68,0,0
68.4,9.6,1,1,1,14.04,0,0,50,14.04,0,0
50.1,5.9,1,0,1,11.78,0,0,50,11.78,0,0
46.1,5.46,1,0,1,11.84,0,0,50,11.84,0,0
55.1,6.31,1,0,1,11.45,0,0,50,11.45,0,0
47.8,6.73,1,0,1,11.92,0,0,50,11.92,0,0
103.5,11.3,1,0,1,11.92,0,0,50,11.92,0,0
68.3,9.08,1,1,1,13.29,0,0,50,13.29,2,0
50.1,5.86,1,0,1,11.7,0,0,50,11.7,0,0
94.2,10.95,1,0,1,11.62,0,0,50,11.62,0,0
46.8,5.23,1,0,1,11.18,0,0,50,11.18,0,0
66.1,8.18,0,1,1,12.38,0,0,50,12.38,2,0
15.5,7.3,1,0,1,12.17,0,0,50,12.17,0,0
90.9,5.65,0,1,1,12.17,0,0,50,12.17,2,0
54.6,6.39,1,0,1,11.7,0,0,50,11.7,0,0
47.5,5.43,1,0,1,11.43,0,0,50,11.43,0,0
46.0,5.47,1,0,1,11.89,0,0,50,11.89,0,0
46.3,5.43,1,0,1,11.73,0,0,50,11.73,0,0
47.2,5.56,1,0,1,11.78,0,0,50,11.78,0,0
86.5,11.86,1,1,1,13.71,0,0,50,13.71,2,0
52.6,6.21,1,0,1,11.47,0,0,50,11.47,0,0
55.6,6.2,1,0,1,11.47,0,0,50,11.47,0,0
55.7,6.77,1,0,1,12.15,0,0,50,12.15,0,0
56.2,6.92,1,0,1,12.31,0,0,50,12.31,0,0
64.1,8.02,1,0,1,12.51,0,0,50,12.51,0,0
74.0,9.4,1,1,1,12.7,0,0,50,12.7,0,0
97.3,11.0,1,0,1,11.31,0,0,50,11.31,0,0
46.8,5.22,1,0,1,11.15,0,0,50,11.15,0,0
48.0,5.5,1,0,1,11.46,0,0,50,11.46,0,0
48.5,5.62,1,0,1,11.59,0,0,50,11.59,0,0
64.5,7.95,1,1,1,12.33,0,0,50,12.33,2,0
81.6,10.34,1,1,1,12.67,0,0,50,12.67,2,0
49.4,5.82,1,0,1,11.78,0,0,50,11.78,0,0
56.6,6.33,1,0,1,11.18,0,0,50,11.18,0,0
53.3,7.16,1,0,1,11.55,0,0,50,11.55,0,0
48.6,4.61,1,0,1,11.55,0,0,50,11.55,0,0
47.5,7.59,1,0,1,12.11,0,0,50,12.11,0,0
73.9,8.0,1,1,1,12.11,1,0,50,12.11,0,0
70.5,7.65,1,1,1,12.11,0,0,50,12.11,0,0
50.5,5.78,1,0,1,11.45,0,0,50,11.45,0,0
46.1,5.16,1,0,1,11.19,0,0,50,11.19,0,0
58.7,7.763574631646381,1,0,1,,0,0,50,,0,0
46.7,7.763574631646381,1,0,1,,0,0,50,,0,0
49.3,7.66,1,0,1,12.94,0,0,50,12.94,0,0
74.5,8.36,1,1,1,12.94,1,0,50,12.94,2,0
79.2,10.46,1,1,1,13.21,1,0,50,13.21,2,0
49.6,5.81,1,0,1,11.71,1,0,50,11.71,0,0
48.6,5.48,1,0,1,11.28,0,0,50,11.28,0,0
46.4,5.41,1,0,1,11.66,0,0,50,11.66,0,0
47.6,5.67,1,0,1,11.91,0,0,50,11.91,0,0
46.7,5.85,1,0,1,12.53,0,0,50,12.53,0,0
73.4,10.72,1,1,1,14.6,0,0,50,14.6,2,0
85.8,10.8,1,1,1,12.59,1,0,50,12.59,2,0
48.2,5.81,1,0,1,12.05,0,0,50,12.05,0,0
49.0,5.79,1,0,1,11.82,0,0,50,11.82,0,0
46.2,5.24,1,0,1,11.34,0,0,50,11.34,0,0
46.4,5.37,1,0,1,11.57,0,0,50,11.57,0,0
46.3,5.57,1,0,1,12.03,0,0,50,12.03,0,0
21.8,6.31,0,1,1,11.82,0,0,50,11.82,2,0
54.0,5.29,0,1,1,11.82,0,0,50,11.82,2,0
50.0,3.27,1,0,1,11.82,0,0,50,11.82,0,0
46.9,5.57,1,0,1,11.88,0,0,50,11.88,0,0
50.6,6.28,1,0,1,12.41,0,0,50,12.41,0,0
85.1,12.16,1,1,1,14.29,0,0,50,14.29,2,0
47.4,5.61,1,0,1,11.84,0,0,50,11.84,0,0
46.4,5.46,1,0,1,11.77,0,0,50,11.77,0,0
64.5,8.3,1,1,1,12.87,0,0,50,12.87,2,0
48.4,5.59,1,0,1,11.55,0,0,50,11.55,0,0
47.7,5.91,1,0,1,12.39,0,0,50,12.39,0,0
50.5,6.04,1,0,1,11.96,0,0,50,11.96,0,0
50.4,5.98,1,0,1,11.87,0,0,50,11.87,0,0
51.3,6.02,1,0,1,11.73,0,0,50,11.73,0,0
1.1,3.92,1,0,0,12.58,0,0,50,12.58,0,0
69.1,8.54,1,1,1,12.58,0,0,50,12.58,2,0
101.2,9.1,1,0,1,12.58,0,0,50,12.58,0,0
48.5,5.79,1,0,1,11.94,0,0,50,11.94,0,0
49.6,6.12,1,0,1,12.34,0,0,50,12.34,0,0
63.0,8.56,1,0,1,11.79,0,0,50,11.79,0,0
85.1,8.9,1,1,1,11.79,1,0,50,11.79,2,0
54.0,6.24,1,0,1,11.56,0,0,50,11.56,0,0
50.1,5.96,1,0,1,11.9,0,0,50,11.9,0,0
49.3,6.42,1,0,1,13.02,0,0,50,13.02,0,0
50.6,5.82,1,0,1,11.5,0,0,50,11.5,0,0
10.5,6.16,0,1,1,12.81,0,0,50,12.81,0,0
35.0,5.6,0,1,0,12.81,0,0,50,12.81,0,0
38.1,4.6,0,1,0,12.81,0,0,50,12.81,0,0
73.2,8.65,0,1,0,12.81,0,0,50,12.81,0,0
67.9,8.79,1,1,1,12.81,0,0,50,12.81,0,0
75.0,7.19,1,0,1,12.81,0,0,50,12.81,0,0
51.7,4.03,1,0,1,12.81,0,0,50,12.81,0,0
19.0,6.0,0,0,1,12.98,0,0,50,12.98,0,0
63.0,8.0,0,1,1,12.98,0,0,50,12.98,0,0
52.5,4.71,0,1,1,12.98,0,0,50,12.98,0,0
36.6,3.5,1,0,1,12.98,0,0,50,12.98,0,0
46.0,13.05,1,0,1,11.2,0,0,50,11.2,0,0
94.0,6.23,1,0,1,11.2,0,0,50,11.2,0,0
91.0,9.98,1,0,1,11.2,0,0,50,11.2,0,0
92.0,11.1,1,0,1,11.2,0,0,50,11.2,0,0
97.0,10.4,1,0,1,11.2,0,0,50,11.2,0,0
91.0,10.58,1,0,1,11.2,0,0,50,11.2,0,0
94.0,9.75,1,0,1,11.2,0,0,50,11.2,0,0
91.0,8.55,1,0,1,11.2,0,0,50,11.2,0,0
93.0,8.7,1,0,1,11.2,0,0,50,11.2,0,0
5.8,2.97,1,0,0,14.36,0,0,50,14.36,0,0
13.6,4.02,1,1,0,14.36,0,0,50,14.36,0,0
30.0,7.25,0,1,0,14.36,0,0,50,14.36,2,0
63.5,6.78,0,1,0,14.36,1,0,50,14.36,2,0
52.1,7.0,0,1,0,14.36,1,0,50,14.36,2,0
104.7,10.71,0,1,0,14.36,1,0,50,14.36,2,0
67.7,8.51,1,1,1,12.57,0,0,50,12.57,2,0
48.6,5.83,1,0,1,12.0,0,0,50,12.0,0,0
0.1,5.71,1,0,0,11.95,0,0,50,11.95,0,0
95.4,5.7,1,0,1,11.95,0,0,50,11.95,0,0
11.1,8.25,1,0,1,12.75,0,0,50,12.75,0,0
85.0,4.0,1,1,1,12.75,0,0,50,12.75,2,0
51.0,6.31,1,0,1,12.37,0,0,50,12.37,0,0
48.2,5.84,1,0,1,12.12,0,0,50,12.12,0,0
46.5,5.67,1,0,1,12.19,0,0,50,12.19,0,0
48.3,6.14,1,0,1,12.71,0,0,50,12.71,0,0
46.9,6.0,1,0,1,12.79,0,0,50,12.79,0,0
51.1,10.15,1,1,1,12.29,0,0,50,12.29,2,0
79.4,5.89,1,1,1,12.29,0,0,50,12.29,2,0
102.3,13.3,1,0,1,13.0,0,0,50,13.0,0,0
49.1,6.07,1,0,1,12.36,0,0,50,12.36,0,0
81.7,10.29,1,1,1,12.59,0,0,50,12.59,0,0
49.6,6.51,1,0,1,13.13,0,0,50,13.13,0,0
50.4,5.89,1,0,1,11.69,0,0,50,11.69,0,0
49.2,5.85,1,0,1,11.89,0,0,50,11.89,0,0
47.0,5.8,1,0,1,12.34,0,0,50,12.34,0,0
73.3,9.94,0,1,1,13.56,0,0,50,13.56,2,0
64.4,14.14,0,1,1,14.54,0,0,50,14.54,2,0
82.2,7.17,0,1,1,14.54,0,0,50,14.54,2,0
70.3,12.48,0,1,1,13.2,0,0,50,13.2,0,0
65.0,6.9,0,1,1,13.2,0,0,50,13.2,2,0
59.6,7.8,1,1,1,13.2,0,0,50,13.2,2,0
48.6,4.95,1,0,1,13.2,0,0,50,13.2,0,0
49.5,6.07,1,0,1,12.26,0,0,50,12.26,0,0
46.4,6.11,1,0,1,13.17,0,0,50,13.17,0,0
49.0,5.82,1,0,1,11.88,0,0,50,11.88,0,0
47.0,6.18,1,0,1,13.15,0,0,50,13.15,0,0
77.5,10.48,0,1,1,13.52,0,0,50,13.52,2,0
66.2,13.99,0,1,1,14.75,0,0,50,14.75,2,0
69.9,6.08,0,1,1,14.75,0,0,50,14.75,2,0
71.5,14.54,0,1,1,15.13,0,0,50,15.13,0,0
69.5,9.3,0,1,1,15.13,0,0,50,15.13,2,0
67.7,7.74,0,1,1,15.13,0,0,50,15.13,2,0
55.2,6.74,1,0,1,12.21,0,0,50,12.21,0,0
51.1,7.85,1,0,1,12.54,0,0,50,12.54,0,0
50.4,6.07,1,0,1,12.54,0,0,50,12.54,0,0
80.2,8.86,1,1,1,12.54,0,0,50,12.54,2,0
47.3,5.93,1,0,1,12.54,0,0,50,12.54,0,0
47.3,6.06,1,0,1,12.81,0,0,50,12.81,0,0
46.9,5.77,1,0,1,12.3,0,0,50,12.3,0,0
21.8,6.23,0,1,1,,0,0,50,,0,0
15.7,7.763574631646381,0,1,1,,0,0,50,,0,0
79.8,7.763574631646381,1,1,1,,0,0,50,,0,0
46.5,6.65,1,0,1,13.19,0,0,50,13.19,0,0
77.1,9.65,1,1,1,13.19,0,0,50,13.19,0,0
47.8,5.57,1,0,1,11.65,0,0,50,11.65,0,0
46.8,5.49,1,0,1,11.73,0,0,50,11.73,0,0
47.6,6.18,1,0,1,12.98,0,0,50,12.98,0,0
50.4,6.34,1,0,1,12.58,0,0,50,12.58,0,0
46.3,5.72,1,0,1,12.35,0,0,50,12.35,0,0
75.9,11.62,1,1,1,14.33,0,0,50,14.33,2,0
71.6,9.52,1,1,1,14.33,0,0,50,14.33,2,0
47.8,6.58,1,0,1,13.77,0,0,50,13.77,0,0
52.8,6.82,1,0,1,12.25,0,0,50,12.25,0,0
47.9,5.52,1,0,1,12.25,0,0,50,12.25,0,0
47.1,5.79,1,0,1,12.29,0,0,50,12.29,0,0
68.8,8.84,1,1,1,12.85,0,0,50,12.85,2,0
50.7,6.2,1,0,1,12.23,0,0,50,12.23,0,0
47.7,5.8,1,0,1,12.16,0,0,50,12.16,0,0
47.2,5.82,1,0,1,12.33,0,0,50,12.33,0,0
47.1,6.13,1,0,1,13.01,0,0,50,13.01,0,0
46.8,5.72,1,0,1,12.22,0,0,50,12.22,0,0
87.0,10.84,1,1,1,12.46,0,0,50,12.46,2,0
48.1,5.77,1,0,1,12.0,0,0,50,12.0,0,0
51.6,6.46,1,0,1,12.52,0,0,50,12.52,0,0
46.0,6.26,1,0,1,13.61,0,0,50,13.61,0,0
47.4,6.15,1,0,1,12.97,0,0,50,12.97,0,0
71.0,10.54,0,1,1,14.85,0,0,50,14.85,2,0
64.4,7.86,1,1,1,12.2,0,0,50,12.2,2,0
48.8,6.1,1,0,1,12.5,0,0,50,12.5,0,0
49.5,6.29,1,0,1,12.71,0,0,50,12.71,0,0
47.1,5.96,1,0,1,12.65,0,0,50,12.65,0,0
48.0,5.8,1,0,1,12.08,0,0,50,12.08,0,0
62.7,9.6,1,1,1,13.12,0,0,50,13.12,0,0
64.8,7.13,1,1,1,13.12,0,0,50,13.12,0,1
1.2,4.29,1,0,0,14.37,0,0,50,14.37,0,1
47.3,2.68,1,0,1,14.37,0,0,50,14.37,0,1
53.9,7.77,1,0,1,14.42,0,0,50,14.42,0,1
50.7,7.29,1,0,1,14.38,0,0,50,14.38,0,1
47.6,6.67,1,0,1,14.01,0,0,50,14.01,0,1
47.7,6.67,1,0,1,13.98,0,0,50,13.98,0,1
65.4,9.03,1,1,1,13.81,0,0,50,13.81,0,1
71.0,9.53,1,1,1,13.42,0,0,50,13.42,0,1
48.4,6.73,1,0,1,13.9,0,0,50,13.9,0,1
47.4,6.83,1,0,1,14.41,0,0,50,14.41,0,1
51.2,7.81,1,0,1,15.25,0,0,50,15.25,0,1
48.0,6.43,1,0,1,13.4,0,0,50,13.4,0,1
46.8,6.81,1,0,1,14.55,0,0,50,14.55,0,1
0.0,7.78,1,0,0,14.18,0,0,50,14.18,0,1
32.1,8.06,1,1,1,14.18,0,0,50,14.18,0,1
87.0,1.05,1,1,1,14.18,0,0,50,14.18,0,1
73.7,10.53,1,1,1,14.29,0,0,50,14.29,0,1
46.8,6.75,1,0,1,14.42,0,0,50,14.42,0,1
52.7,7.32,1,0,1,13.89,0,0,50,13.89,0,1
52.1,6.46,1,0,1,12.4,0,0,50,12.4,0,1
56.0,7.92,1,0,1,14.14,0,0,50,14.14,0,1
76.0,15.65,0,1,1,15.34,0,0,50,15.34,0,1
71.3,10.01,0,1,1,15.34,0,0,50,15.34,0,1
65.0,6.9,0,1,1,15.34,0,0,50,15.34,0,1
63.8,12.91,0,1,1,14.29,0,0,50,14.29,0,1
72.1,6.51,0,1,1,14.29,0,0,50,14.29,0,1
16.1,5.08,0,0,1,14.86,0,0,50,14.86,0,1
36.6,2.75,1,1,1,14.86,0,0,50,14.86,0,1
54.7,7.5,1,0,1,13.71,0,0,50,13.71,0,1
47.9,7.36,1,0,1,14.02,0,0,50,14.02,0,1
50.1,7.49,1,0,1,14.02,0,0,50,14.02,0,1
48.3,8.59,1,0,1,14.02,0,0,50,14.02,0,1
24.2,4.26,1,1,1,14.02,0,0,50,14.02,0,1
76.3,6.91,1,1,1,14.02,0,0,50,14.02,0,1
52.4,7.83,1,0,1,14.94,0,0,50,14.94,0,1
48.0,6.47,1,0,1,13.48,0,0,50,13.48,0,1
50.4,7.75,1,0,1,14.6,0,0,50,14.6,0,1
50.8,7.03,1,0,1,14.6,0,0,50,14.6,0,1
49.1,7.37,1,0,1,14.32,0,0,50,14.32,0,1
83.3,12.27,1,1,1,14.32,0,0,50,14.32,0,1
80.5,10.85,1,0,1,14.32,0,0,50,14.32,0,1
48.4,8.44,1,0,1,17.44,0,1,50,17.44,0,1
50.7,7.24,1,0,1,14.28,0,0,50,14.28,0,1
54.2,11.48,1,0,1,13.64,0,0,50,13.64,0,1
47.7,2.42,1,0,1,13.64,0,0,50,13.64,0,1
34.3,8.11,1,1,1,14.46,0,0,50,14.46,0,1
65.6,6.34,1,1,0,14.46,0,0,50,14.46,2,1
52.8,7.88,1,0,1,14.92,0,0,50,14.92,0,1
53.2,7.34,1,0,1,13.8,0,0,50,13.8,0,1
49.1,6.9,1,0,1,14.05,0,0,50,14.05,0,1
49.1,6.85,1,0,1,13.95,0,0,50,13.95,0,1
53.0,7.51,1,0,1,14.17,0,0,50,14.17,0,1
90.4,14.62,0,1,1,14.28,0,0,50,14.28,0,1
21.9,11.61,0,1,1,14.28,0,0,50,14.28,0,1
58.6,3.98,0,1,1,14.28,0,0,50,14.28,0,1
51.0,1.48,1,0,1,14.28,0,0,50,14.28,0,1
47.8,11.22,1,0,1,15.22,0,0,50,15.22,0,1
55.3,4.47,1,0,1,15.22,0,0,50,15.22,0,1
48.2,7.23,1,0,1,15.0,0,0,50,15.0,0,1
52.7,8.12,1,0,1,15.41,0,0,50,15.41,0,1
68.3,10.09,1,1,1,14.77,0,0,50,14.77,2,1
99.1,14.86,1,1,1,14.99,0,0,50,14.99,0,1
37.1,6.27,1,0,1,16.9,0,0,50,16.9,0,1
54.8,8.15,1,0,1,14.87,0,0,50,14.87,0,1
51.7,8.1,1,0,1,15.67,1,1,50,15.67,0,1
49.1,7.5,1,0,1,14.88,0,0,50,14.88,0,1
48.8,7.07,1,0,1,14.88,0,0,50,14.88,0,1
77.0,11.36,1,1,1,14.75,0,0,50,14.75,0,1
52.6,8.1,1,0,1,14.62,0,0,50,14.62,0,1
49.2,6.78,1,0,1,14.62,0,0,50,14.62,0,1
48.6,7.07,1,0,1,14.55,0,0,50,14.55,0,1
53.3,7.86,1,0,1,14.75,0,0,50,14.75,0,1
53.0,8.2,1,0,1,15.47,0,0,50,15.47,0,1
54.6,7.9,1,0,1,14.47,0,0,50,14.47,0,1
50.4,7.63,1,0,1,15.14,0,0,50,15.14,0,1
47.9,7.46,1,0,1,15.57,0,0,50,15.57,0,1
53.1,7.9,1,0,1,14.88,0,0,50,14.88,0,1
49.7,8.13,1,0,1,16.36,0,1,50,16.36,0,1
50.2,10.05,0,1,1,15.13,0,0,50,15.13,2,1
24.4,8.75,1,1,1,15.13,0,0,50,15.13,0,1
58.3,1.31,1,1,1,15.13,0,0,50,15.13,0,1
53.5,7.95,1,0,1,14.86,0,0,50,14.86,0,1
50.7,7.21,1,0,1,14.22,0,0,50,14.22,0,1
48.7,7.28,1,0,1,14.95,0,0,50,14.95,0,1
51.1,7.18,1,0,1,14.05,0,0,50,14.05,0,1
54.8,8.43,1,0,1,15.38,0,0,50,15.38,0,1
71.2,10.97,1,1,1,15.41,0,0,50,15.41,0,1
57.6,8.11,1,0,1,14.08,0,0,50,14.08,0,1
46.2,6.7,1,0,1,14.5,0,0,50,14.5,0,1
18.2,7.47,1,0,1,14.88,0,0,50,14.88,0,1
68.9,5.49,1,0,1,14.88,0,0,50,14.88,0,1
51.3,8.2,1,0,1,15.98,0,0,50,15.98,0,1
52.5,7.84,1,0,1,14.93,0,0,50,14.93,0,1
18.2,7.37,1,1,1,15.06,0,0,50,15.06,0,1
61.4,4.62,1,1,1,15.06,0,0,50,15.06,0,1
64.9,9.68,1,0,1,14.92,0,0,50,14.92,0,1
21.8,8.83,0,1,1,16.35,0,0,50,16.35,0,1
62.1,4.89,1,1,1,16.35,0,0,50,16.35,0,1
24.7,8.99,0,1,1,14.36,0,0,50,14.36,0,1
59.2,3.06,1,1,1,14.36,0,0,50,14.36,0,1
47.3,6.9,1,0,1,14.59,0,0,50,14.59,0,1
18.8,8.25,0,1,1,16.91,0,0,50,16.91,0,1
53.8,8.3,0,1,0,16.91,0,0,50,16.91,0,1
63.7,6.5,0,1,1,16.91,0,0,50,16.91,0,1
66.7,13.03,1,1,1,17.14,0,0,50,17.14,0,1
73.6,11.02,0,1,1,17.14,0,0,50,17.14,2,1
50.9,8.06,0,1,1,15.83,0,0,50,15.83,0,1
29.3,10.83,0,1,1,15.41,0,0,50,15.41,0,1
29.9,2.79,1,1,0,15.41,0,0,50,15.41,0,1
44.1,2.3,1,1,1,15.41,0,0,50,15.41,0,1
73.8,11.97,1,1,1,16.22,0,0,50,16.22,0,1
49.3,12.88,0,1,1,16.62,0,0,50,16.62,2,1
39.1,1.81,1,0,1,16.62,0,0,50,16.62,2,1
55.2,8.21,1,0,1,14.87,0,0,50,14.87,0,1
50.7,8.11,1,0,1,16.0,0,0,50,16.0,0,1
49.8,7.33,1,0,1,14.72,0,0,50,14.72,0,1
48.9,7.22,1,0,1,14.76,0,0,50,14.76,0,1
60.8,12.54,1,1,1,14.88,0,0,50,14.88,0,1
57.3,5.03,1,1,1,14.88,0,0,50,14.88,2,1
49.9,7.45,1,0,1,14.93,0,0,50,14.93,0,1
48.4,7.74,1,0,1,15.99,0,0,50,15.99,0,1
47.2,7.61,1,0,1,16.12,0,0,50,16.12,0,1
29.1,7.57,0,1,1,13.57,0,0,50,13.57,0,1
52.3,3.48,0,1,1,13.57,0,0,50,13.57,0,1
45.0,12.22,0,1,1,15.35,0,0,50,15.35,0,1
43.5,7.0,0,1,0,15.35,0,0,50,15.35,0,1
51.4,8.09,0,1,0,15.35,0,0,50,15.35,0,1
60.4,9.18,0,1,0,15.35,0,0,50,15.35,0,1
45.7,8.36,0,1,0,15.35,0,0,50,15.35,0,1
37.1,5.0,0,1,0,15.35,0,0,50,15.35,0,1
44.1,7.3,0,1,0,15.35,0,0,50,15.35,0,1
59.4,7.39,0,1,0,15.35,0,0,50,15.35,0,1
61.2,8.34,0,1,0,15.35,0,0,50,15.35,0,1
46.1,7.71,0,1,0,15.35,0,0,50,15.35,0,1
48.9,6.79,0,1,0,15.35,0,0,50,15.35,0,1
42.4,7.52,0,1,0,15.35,0,0,50,15.35,0,1
33.2,4.67,0,1,0,15.35,0,0,50,15.35,0,1
69.6,6.06,0,0,1,15.35,0,0,50,15.35,0,1
52.3,8.21,0,0,1,15.7,0,0,50,15.7,0,1
13.9,8.18,0,0,1,15.0,0,0,50,15.0,0,1
56.7,8.79,0,1,1,15.0,0,0,50,15.0,0,1
36.4,6.34,0,1,0,15.0,0,0,50,15.0,0,1
37.6,5.64,0,1,0,15.0,0,0,50,15.0,0,1
52.5,8.38,0,1,0,15.0,0,0,50,15.0,0,1
53.8,8.09,0,1,0,15.0,0,0,50,15.0,0,1
45.6,7.32,0,1,0,15.0,0,0,50,15.0,0,1
46.3,7.2,0,1,0,15.0,0,0,50,15.0,0,1
57.9,7.11,0,1,0,15.0,0,0,50,15.0,0,1
75.2,9.43,0,1,0,15.0,0,0,50,15.0,0,1
45.1,6.5,0,1,0,15.0,0,0,50,15.0,2,1
59.2,6.35,0,1,0,15.0,0,0,50,15.0,2,1
51.8,9.65,0,1,0,15.0,0,0,50,15.0,2,1
88.9,9.17,0,1,1,15.0,0,1,50,15.0,2,1
11.0,4.03,1,0,0,,0,1,50,,0,1
52.9,8.38,1,0,1,15.84,0,0,50,15.84,0,1
49.0,7.38,1,0,1,15.06,0,0,50,15.06,0,1
21.8,6.78,0,1,1,15.43,0,0,50,15.43,0,1
40.0,6.27,0,0,1,15.43,0,0,50,15.43,0,1
67.4,6.89,0,1,1,15.43,0,0,50,15.43,0,1
45.5,10.21,0,1,1,16.22,0,0,50,16.22,0,1
43.6,6.6,0,1,0,16.22,0,0,50,16.22,0,1
51.4,8.7,0,1,0,16.22,0,0,50,16.22,0,1
59.6,9.47,0,1,0,16.22,0,0,50,16.22,0,1
44.8,9.39,0,1,0,16.22,0,0,50,16.22,0,1
55.7,6.41,0,1,0,16.22,0,0,50,16.22,0,1
55.0,10.06,1,0,1,16.22,0,0,50,16.22,1,1
42.0,3.64,1,0,1,16.22,0,0,50,16.22,1,1
65.0,11.92,0,0,1,12.25,0,0,50,12.25,2,0
59.0,9.1,0,0,1,12.25,0,0,50,12.25,2,0
63.0,8.61,0,0,1,12.25,0,0,50,12.25,2,0
81.0,8.03,0,0,1,12.25,0,0,50,12.25,1,0
83.0,9.9,0,0,1,12.25,0,0,50,12.25,1,0
87.0,9.63,0,0,1,12.25,0,0,50,12.25,1,0
83.0,9.96,0,0,1,12.25,0,0,50,12.25,1,0
81.0,9.84,0,0,1,12.25,0,0,50,12.25,1,0
78.0,10.29,0,0,1,12.25,0,0,50,12.25,1,0
82.0,9.76,0,0,1,12.25,0,0,50,12.25,1,0
88.0,10.09,0,0,1,12.25,0,0,50,12.25,1,0
78.0,9.71,0,0,1,12.25,0,0,50,12.25,1,0
98.0,9.74,0,0,1,12.25,0,0,50,12.25,1,0
50.0,5.27,1,0,1,12.25,0,0,50,12.25,0,0
49.7,11.4,1,1,1,14.37,0,0,50,14.37,0,1
31.2,5.35,0,1,0,14.37,0,0,50,14.37,0,1
59.6,7.1,0,1,0,14.37,0,0,50,14.37,0,1
63.2,9.53,0,1,0,14.37,0,0,50,14.37,0,1
45.1,6.31,0,1,0,14.37,0,0,50,14.37,0,1
59.2,6.59,0,1,0,14.37,0,0,50,14.37,0,1
51.7,9.75,0,1,0,14.37,0,0,50,14.37,2,1
97.6,9.67,0,1,1,14.37,0,0,50,14.37,2,1
54.5,8.06,1,0,1,14.79,0,0,50,14.79,0,1
53.1,7.69,1,0,1,14.48,0,0,50,14.48,0,1
21.8,4.74,1,1,1,15.22,0,0,50,15.22,0,1
63.0,8.17,1,1,1,15.22,0,0,50,15.22,2,1
48.9,7.02,1,0,1,14.36,0,0,50,14.36,0,1
48.1,6.96,1,0,1,14.47,0,0,50,14.47,0,1
48.6,7.35,1,0,1,15.12,0,0,50,15.12,0,1
50.0,8.04,1,0,1,16.08,0,0,50,16.08,0,1
49.3,7.03,1,0,1,14.26,0,0,50,14.26,0,1
22.9,9.07,0,1,1,15.09,0,0,50,15.09,0,1
57.1,3.0,1,1,1,15.09,0,0,50,15.09,0,1
50.1,8.4,1,0,1,16.77,0,1,50,16.77,0,1
48.5,7.48,1,0,1,15.42,0,1,50,15.42,0,0
47.5,8.05,1,0,1,13.78,0,1,50,13.78,0,0
46.7,9.8,1,1,1,13.78,0,1,50,13.78,0,0
77.3,9.66,0,1,0,13.78,0,0,50,13.78,0,0
11.7,7.35,1,0,1,13.78,0,0,50,13.78,0,0
70.0,2.3,1,1,0,13.78,0,0,50,13.78,2,0
52.3,4.93,1,0,1,13.78,0,0,50,13.78,0,0
0.1,6.43,1,0,0,11.64,0,0,50,11.64,0,0
68.8,5.2,1,0,1,11.64,0,0,50,11.64,0,0
85.9,6.39,1,0,1,11.64,0,0,50,11.64,0,0
45.8,5.44,1,0,1,11.88,0,0,50,11.88,0,0
59.3,9.94,1,1,1,12.31,0,0,50,12.31,0,0
55.8,4.23,1,1,1,12.31,0,0,50,12.31,0,0
52.3,7.763574631646381,1,0,1,,0,0,50,,0,0
46.2,7.763574631646381,1,0,1,,0,1,50,,0,0
68.8,7.3,1,0,1,,0,0,50,,0,0
82.2,5.62,1,0,1,,0,0,50,,0,0
0.1,8.13,0,0,0,13.11,0,0,50,13.11,0,0
39.2,5.61,1,1,1,13.11,0,0,50,13.11,0,0
71.9,0.84,1,1,1,13.11,0,0,50,13.11,0,0
70.2,11.75,1,0,1,11.44,0,0,50,11.44,0,0
84.0,5.89,1,0,1,11.44,0,0,50,11.44,0,0
15.6,6.03,0,0,1,12.37,0,0,50,12.37,0,0
80.2,6.12,1,0,1,12.37,0,0,50,12.37,0,0
18.6,4.87,1,1,1,12.37,0,0,50,12.37,2,0
47.5,9.0,1,1,1,12.37,0,0,50,12.37,2,0
70.4,2.71,0,1,1,12.37,0,0,50,12.37,0,0
63.4,7.763574631646381,0,1,1,,0,0,50,,0,0
70.9,7.6,0,1,1,,0,0,50,,2,0
1.2,3.94,1,0,0,,0,0,50,,1,0
50.0,7.763574631646381,1,0,1,,0,0,50,,0,0
15.6,6.23,1,0,1,11.49,0,0,50,11.49,0,0
52.8,5.8,1,0,1,11.49,0,0,50,11.49,0,0
49.9,5.26,1,0,1,11.49,0,0,50,11.49,0,0
81.0,5.61,1,0,1,11.49,0,0,50,11.49,0,0
85.2,10.45,1,1,1,12.27,0,0,50,12.27,0,0
85.6,11.19,1,1,1,13.07,0,0,50,13.07,0,0
49.8,6.44,1,0,1,12.93,0,0,50,12.93,0,0
15.2,5.84,0,0,1,12.16,0,0,50,12.16,0,0
81.3,5.89,1,0,1,12.16,0,0,50,12.16,0,0
16.4,6.41,0,0,1,12.42,0,0,50,12.42,0,0
84.8,6.16,1,0,1,12.42,0,0,50,12.42,0,0
21.7,6.68,0,1,1,13.0,0,0,50,13.0,0,0
55.4,3.34,1,1,1,13.0,0,0,50,13.0,0,0
48.4,7.09,0,1,1,14.65,0,0,50,14.65,2,0
39.7,5.12,1,0,1,12.9,0,0,50,12.9,0,0
49.6,6.33,1,0,1,12.76,0,0,50,12.76,0,0
96.7,11.18,1,0,1,11.56,0,1,50,11.56,0,0
79.4,7.763574631646381,0,1,1,,0,0,50,,0,0
23.8,7.763574631646381,1,0,1,,0,0,50,,0,0
58.1,5.0,0,1,1,,0,0,50,,2,0
5.7,7.763574631646381,0,0,1,,0,0,50,,0,0
79.2,1.04,1,1,1,,0,0,50,,0,0
94.0,11.12,1,0,1,11.83,0,0,50,11.83,0,0
64.2,7.71,1,1,1,12.01,0,0,50,12.01,0,0
17.7,2.49,1,1,1,14.07,0,0,50,14.07,2,0
71.4,7.763574631646381,1,1,1,,0,0,50,,0,0
16.2,3.42,1,0,1,12.09,0,0,50,12.09,0,0
35.2,3.6,1,0,1,12.09,0,0,50,12.09,0,0
98.7,11.12,1,0,1,12.09,0,0,50,12.09,0,0
50.8,9.3,0,1,1,12.19,0,0,50,12.19,0,0
64.9,4.8,1,1,1,12.19,0,0,50,12.19,0,0
15.7,6.58,0,0,1,12.11,0,0,50,12.11,0,0
71.1,7.7,0,1,0,12.11,0,0,50,12.11,0,0
62.2,6.84,0,1,0,12.11,0,0,50,12.11,0,0
65.3,8.96,1,1,0,12.11,1,0,50,12.11,2,0
67.9,6.25,0,1,0,12.11,1,0,50,12.11,2,0
33.1,5.13,0,1,0,12.11,1,0,50,12.11,2,0
43.8,5.42,0,1,0,12.11,1,0,50,12.11,2,0
44.6,2.02,0,0,1,12.11,1,0,50,12.11,1,0
74.7,8.3,0,0,1,11.11,0,0,50,11.11,1,0
45.3,7.5,0,0,1,10.62,0,0,50,10.62,1,0
81.5,9.23,0,0,1,10.62,0,0,50,10.62,1,0
83.4,5.6,0,0,1,10.62,0,0,50,10.62,1,0
45.0,8.9,0,1,1,12.09,0,0,50,12.09,0,0
52.1,6.28,0,1,0,12.09,0,0,50,12.09,0,0
56.1,5.81,0,1,0,12.09,0,0,50,12.09,0,0
39.0,5.29,0,1,0,12.09,0,0,50,12.09,0,0
66.8,8.1,0,1,1,12.09,0,0,50,12.09,0,0
61.4,7.5,0,1,0,12.09,0,0,50,12.09,0,0
84.9,7.14,0,1,1,12.09,0,0,50,12.09,0,0
71.6,8.6,1,1,1,12.01,0,0,50,12.01,0,0
48.9,6.0,1,0,1,12.27,0,0,50,12.27,0,0
48.9,6.2,1,0,1,12.68,0,0,50,12.68,0,0
86.6,12.0,1,1,1,13.86,0,0,50,13.86,0,0
18.2,6.3,1,0,1,11.93,0,0,50,11.93,0,0
39.2,8.21,1,0,1,11.93,0,0,50,11.93,0,0
110.3,5.5,1,0,1,11.93,0,0,50,11.93,0,0
106.8,11.9,1,0,1,11.14,0,0,50,11.14,0,0
83.9,10.8,1,1,1,12.87,0,0,50,12.87,0,0
24.3,8.0,0,1,0,11.85,0,0,50,11.85,0,0
69.0,3.06,1,1,1,11.85,0,0,50,11.85,0,0
18.4,7.9,0,0,1,11.41,0,0,50,11.41,0,0
84.1,3.8,1,0,1,11.41,0,0,50,11.41,0,0
89.9,10.58,1,1,1,11.77,0,0,50,11.77,0,0
98.2,11.0,1,0,1,11.2,0,0,50,11.2,0,0
76.1,8.6,0,1,1,11.3,1,0,50,11.3,0,0
30.5,7.4,0,1,1,11.43,1,0,50,11.43,0,0
56.8,6.5,0,1,0,11.43,1,0,50,11.43,0,0
72.9,7.59,0,1,0,11.43,1,0,50,11.43,0,0
102.0,8.6,0,1,1,11.43,0,0,50,11.43,0,0
86.0,9.72,0,1,1,11.43,1,0,50,11.43,2,0
105.0,13.64,1,0,0,12.99,0,0,50,12.99,0,0
108.0,14.26,1,0,0,13.2,0,0,50,13.2,0,0
69.0,9.27,1,0,0,13.43,0,0,50,13.43,0,0
97.0,12.34,1,0,0,12.72,0,0,50,12.72,0,0
45.0,5.62,1,0,0,12.49,0,0,50,12.49,0,0
